,Unnamed: 0,Date,Name,Budget
0,0,"Apr 23, 2019",Avengers: Endgame," $400,000,000"
1,1,"May 20, 2011",Pirates of the Caribbean: On Stranger Tides," $379,000,000"
2,2,"Apr 22, 2015",Avengers: Age of Ultron," $365,000,000"
3,3,"Dec 16, 2015",Star Wars Ep. VII: The Force Awakens," $306,000,000"
4,4,"Apr 25, 2018",Avengers: Infinity War," $300,000,000"
5,5,"May 24, 2007",Pirates of the Caribbean: At Worldâs End," $300,000,000"
6,6,"Nov 13, 2017",Justice League," $300,000,000"
7,7,"Oct 6, 2015",Spectre," $300,000,000"
8,8,"Dec 18, 2019",Star Wars: The Rise of Skywalker," $275,000,000"
9,9,"May 23, 2018",Solo: A Star Wars Story," $275,000,000"
10,10,"Mar 7, 2012",John Carter," $263,700,000"
11,11,"Mar 23, 2016",Batman v Superman: Dawn of Justice," $263,000,000"
12,12,"Jul 11, 2019",The Lion King," $260,000,000"
13,13,"Nov 24, 2010",Tangled," $260,000,000"
14,14,"May 4, 2007",Spider-Man 3," $258,000,000"
15,15,"Apr 22, 2016",Captain America: Civil War," $250,000,000"
16,16,"Jul 15, 2009",Harry Potter and the Half-Blood Prince," $250,000,000"
17,17,"Dec 13, 2013",The Hobbit: The Desolation of Smaug," $250,000,000"
18,18,"Dec 10, 2014",The Hobbit: The Battle of the Five Armies," $250,000,000"
19,19,"Apr 7, 2017",The Fate of the Furious," $250,000,000"
20,20,"Apr 2, 2020",No Time to Die," $250,000,000"
21,21,"Dec 17, 2009",Avatar," $237,000,000"
22,22,"Jun 28, 2006",Superman Returns," $232,000,000"
23,23,"Jul 19, 2012",The Dark Knight Rises," $230,000,000"
24,24,"May 23, 2017",Pirates of the Caribbean: Dead Men Tell No Tales," $230,000,000"
25,25,"Nov 14, 2008",Quantum of Solace," $230,000,000"
26,26,"Apr 25, 2012",The Avengers," $225,000,000"
27,27,"Jul 7, 2006",Pirates of the Caribbean: Dead Manâs Chest," $225,000,000"
28,28,"Jun 14, 2013",Man of Steel," $225,000,000"
29,29,"May 16, 2008",The Chronicles of Narnia: Prince Caspian," $225,000,000"
30,30,"Jul 2, 2013",The Lone Ranger," $225,000,000"
31,31,"Jul 17, 2020",Tenet," $224,000,000"
32,32,"Jun 27, 2012",The Amazing Spider-Man," $220,000,000"
33,33,"Apr 11, 2012",Battleship," $220,000,000"
34,34,"Jun 20, 2017",Transformers: The Last Knight," $217,000,000"
35,35,"Jun 9, 2015",Jurassic World," $215,000,000"
36,36,"May 23, 2012",Men in Black 3," $215,000,000"
37,37,"Jun 24, 2009",Transformers: Revenge of the Fallen," $210,000,000"
38,38,"Jun 25, 2014",Transformers: Age of Extinction," $210,000,000"
39,39,"May 26, 2006",X-Men: The Last Stand," $210,000,000"
40,40,"May 14, 2010",Robin Hood," $210,000,000"
41,41,"Dec 14, 2005",King Kong," $207,000,000"
42,42,"Dec 7, 2007",The Golden Compass," $205,000,000"
43,43,"Feb 13, 2018",Black Panther," $200,000,000"
44,44,"Dec 19, 1997",Titanic," $200,000,000"
45,45,"Dec 13, 2017",Star Wars Ep. VIII: The Last Jedi," $200,000,000"
46,46,"Jun 15, 2018",Incredibles 2," $200,000,000"
47,47,"Dec 14, 2016",Rogue One: A Star Wars Story," $200,000,000"
48,48,"Jun 16, 2016",Finding Dory," $200,000,000"
49,49,"Jun 20, 2019",Toy Story 4," $200,000,000"
50,50,"Jun 18, 2010",Toy Story 3," $200,000,000"
51,51,"Apr 24, 2013",Iron Man 3," $200,000,000"
52,52,"Apr 28, 2017",Guardians of the Galaxy Vol 2," $200,000,000"
53,53,"Jun 30, 2004",Spider-Man 2," $200,000,000"
54,54,"Mar 5, 2010",Alice in Wonderland," $200,000,000"
55,55,"Oct 26, 2012",Skyfall," $200,000,000"
56,56,"Dec 11, 2012",The Hobbit: An Unexpected Journey," $200,000,000"
57,57,"Jun 21, 2013",Monsters University," $200,000,000"
58,58,"Mar 8, 2013",Oz the Great and Powerful," $200,000,000"
59,59,"May 21, 2014",X-Men: Days of Future Past," $200,000,000"
60,60,"Apr 16, 2014",The Amazing Spider-Man 2," $200,000,000"
61,61,"Jun 23, 2011",Cars 2," $200,000,000"
62,62,"Jul 31, 2019",Fast & Furious Presents: Hobbs & Shaw," $200,000,000"
63,63,"Dec 17, 2010",Tron: Legacy," $200,000,000"
64,64,"Nov 12, 2009",2012," $200,000,000"
65,65,"Nov 14, 2018",Fantastic Beasts: The Crimes of Grindelwald," $200,000,000"
66,66,"May 21, 2009",Terminator Salvation," $200,000,000"
67,67,"Jun 17, 2011",Green Lantern," $200,000,000"
68,68,"May 28, 2010",Prince of Persia: Sands of Time," $200,000,000"
69,69,"Jun 5, 2019",Dark Phoenix," $200,000,000"
70,70,"Jun 29, 2011",Transformers: Dark of the Moon," $195,000,000"
71,71,"Jun 2, 2017",The Mummy," $195,000,000"
72,72,"Feb 27, 2013",Jack the Giant Slayer," $195,000,000"
73,73,"Apr 1, 2015",Furious 7," $190,000,000"
74,74,"May 16, 2013",Star Trek Into Darkness," $190,000,000"
75,75,"Jun 19, 2013",World War Z," $190,000,000"
76,76,"May 10, 2013",The Great Gatsby," $190,000,000"
77,77,"Nov 6, 2009",Disneyâs A Christmas Carol," $190,000,000"
78,78,"Jul 11, 2013",Pacific Rim," $190,000,000"
79,79,"Nov 25, 2015",The Good Dinosaur," $187,500,000"
80,80,"May 2, 2008",Iron Man," $186,000,000"
81,81,"Jul 18, 2008",The Dark Knight," $185,000,000"
82,82,"May 22, 2008",Indiana Jones and the Kingdom of the Crystal Skull," $185,000,000"
83,83,"Jun 21, 2012",Brave," $185,000,000"
84,84,"Feb 23, 2017",Kong: Skull Island," $185,000,000"
85,85,"Jul 21, 2016",Star Trek Beyond," $185,000,000"
86,86,"Oct 17, 2019",Maleficent: Mistress of Evil," $185,000,000"
87,87,"Sep 29, 2017",Blade Runner 2049," $185,000,000"
88,88,"Oct 25, 2019",Terminator: Dark Fate," $185,000,000"
89,89,"May 22, 2019",Aladdin," $182,000,000"
90,90,"Oct 25, 2017",Thor: Ragnarok," $180,000,000"
91,91,"Dec 9, 2005","The Chronicles of Narnia: The Lion, the Witch a…"," $180,000,000"
92,92,"May 28, 2014",Maleficent," $180,000,000"
93,93,"Nov 14, 2016",Fantastic Beasts and Where to Find Them," $180,000,000"
94,94,"Jun 27, 2008",WALL-E," $180,000,000"
95,95,"Aug 10, 2007",Rush Hour 3," $180,000,000"
96,96,"Jun 27, 2016",The Legend of Tarzan," $180,000,000"
97,97,"Nov 23, 2011",Hugo," $180,000,000"
98,98,"Jul 20, 2017",Valerian and the City of a Thousand Planets," $180,000,000"
99,99,"Feb 6, 2015",Jupiter Ascending," $179,000,000"
0,0,"Jul 16, 2018",Mission: ImpossibleâFallout," $178,000,000"
1,1,"May 18, 2016",X-Men: Apocalypse," $178,000,000"
2,2,"Aug 9, 2018",The Meg," $178,000,000"
3,3,"May 28, 2014",Edge of Tomorrow," $178,000,000"
4,4,"Mar 6, 2019",Captain Marvel," $175,000,000"
5,5,"Apr 7, 2016",The Jungle Book," $175,000,000"
6,6,"Jun 12, 2015",Inside Out," $175,000,000"
7,7,"Jul 5, 2017",Spider-Man: Homecoming," $175,000,000"
8,8,"Aug 2, 2016",Suicide Squad," $175,000,000"
9,9,"May 28, 2009",Up," $175,000,000"
10,10,"Oct 27, 2017",Coco," $175,000,000"
11,11,"Nov 21, 2018",Ralph Breaks The Internet," $175,000,000"
12,12,"Mar 27, 2009",Monsters vs. Aliens," $175,000,000"
13,13,"Jun 16, 2017",Cars 3," $175,000,000"
14,14,"Aug 7, 2009",G.I. Joe: The Rise of Cobra," $175,000,000"
15,15,"Jun 30, 1999",Wild Wild West," $175,000,000"
16,16,"Aug 1, 2008",The Mummy: Tomb of the Dragon Emperor," $175,000,000"
17,17,"Jun 22, 2007",Evan Almighty," $175,000,000"
18,18,"Jul 28, 1995",Waterworld," $175,000,000"
19,19,"Jan 8, 2020",Dolittle," $175,000,000"
20,20,"May 11, 2017",King Arthur: Legend of the Sword," $175,000,000"
21,21,"Dec 6, 2013",47 Ronin," $175,000,000"
22,22,"Jun 6, 2018",Jurassic World: Fallen Kingdom," $170,000,000"
23,23,"Jul 31, 2014",Guardians of the Galaxy," $170,000,000"
24,24,"May 7, 2010",Iron Man 2," $170,000,000"
25,25,"Mar 28, 2014",Captain America: The Winter Soldier," $170,000,000"
26,26,"Jul 9, 2014",Dawn of the Planet of the Apes," $170,000,000"
27,27,"Nov 10, 2004",The Polar Express," $170,000,000"
28,28,"May 30, 2012",Snow White and the Huntsman," $170,000,000"
29,29,"Jul 1, 2003",Terminator 3: Rise of the Machines," $170,000,000"
30,30,"May 7, 2004",Van Helsing," $170,000,000"
31,31,"Mar 27, 2019",Dumbo," $170,000,000"
32,32,"May 29, 2019",Godzilla: King of the Monsters," $170,000,000"
33,33,"May 20, 2015",Tomorrowland," $170,000,000"
34,34,"Feb 1, 2019",Alita: Battle Angel," $170,000,000"
35,35,"May 20, 2016",Alice Through the Looking Glass," $170,000,000"
36,36,"May 21, 2010",Shrek Forever After," $165,000,000"
37,37,"Oct 24, 2016",Doctor Strange," $165,000,000"
38,38,"Oct 25, 2014",Big Hero 6," $165,000,000"
39,39,"Mar 26, 2010",How to Train Your Dragon," $165,000,000"
40,40,"Nov 1, 2012",Wreck-It Ralph," $165,000,000"
41,41,"Nov 5, 2014",Interstellar," $165,000,000"
42,42,"Jun 22, 2016",Independence Day: Resurgence," $165,000,000"
43,43,"Jul 29, 2011",Cowboys and Aliens," $163,000,000"
44,44,"Mar 16, 2017",Beauty and the Beast," $160,000,000"
45,45,"Jun 27, 2019",Spider-Man: Far From Home," $160,000,000"
46,46,"Dec 6, 2018",Aquaman," $160,000,000"
47,47,"May 17, 2007",Shrek the Third," $160,000,000"
48,48,"Jul 16, 2010",Inception," $160,000,000"
49,49,"Nov 18, 2015",The Hunger Games: Mockingjay - Part 2," $160,000,000"
50,50,"May 24, 2013",Fast and Furious 6," $160,000,000"
51,51,"May 14, 2014",Godzilla," $160,000,000"
52,52,"Jun 3, 2011",X-Men: First Class," $160,000,000"
53,53,"Dec 25, 2008",The Curious Case of Benjamin Button," $160,000,000"
54,54,"Jul 14, 2010",The Sorcerer's Apprentice," $160,000,000"
55,55,"May 12, 2006",Poseidon," $160,000,000"
56,56,"May 25, 2016",Warcraft," $160,000,000"
57,57,"Nov 1, 2019",The Irishman," $159,000,000"
58,58,"Sep 29, 2016",Deepwater Horizon," $156,000,000"
59,59,"Dec 10, 2010",The Chronicles of Narnia: The Voyage of the Daw…," $155,000,000"
60,60,"Jun 24, 2015",Terminator: Genisys," $155,000,000"
61,61,"Mar 16, 2018",Pacific Rim: Uprising," $155,000,000"
62,62,"Nov 24, 2004",Alexander," $155,000,000"
63,63,"Jul 14, 2017",War for the Planet of the Apes," $152,000,000"
64,64,"May 25, 2001",Pearl Harbor," $151,500,000"
65,65,"Jul 2, 2007",Transformers," $151,000,000"
66,66,"Nov 20, 2019",Frozen II," $150,000,000"
67,67,"May 29, 2017",Wonder Woman," $150,000,000"
68,68,"Nov 22, 2013",Frozen," $150,000,000"
69,69,"Feb 10, 2016",Zootopia," $150,000,000"
70,70,"Jul 11, 2007",Harry Potter and the Order of the Phoenix," $150,000,000"
71,71,"Nov 18, 2005",Harry Potter and the Goblet of Fire," $150,000,000"
72,72,"May 15, 2003",The Matrix Reloaded," $150,000,000"
73,73,"Dec 14, 2007",I am Legend," $150,000,000"
74,74,"Jan 27, 2016",Moana," $150,000,000"
75,75,"Jul 1, 2008",Hancock," $150,000,000"
76,76,"Jun 15, 2005",Batman Begins," $150,000,000"
77,77,"Jul 15, 2005",Charlie and the Chocolate Factory," $150,000,000"
78,78,"Jun 29, 2007",Ratatouille," $150,000,000"
79,79,"Oct 30, 2013",Thor: The Dark World," $150,000,000"
80,80,"Jul 29, 2015",Mission: ImpossibleâRogue Nation," $150,000,000"
81,81,"Jul 18, 2017",Dunkirk," $150,000,000"
82,82,"Apr 29, 2011",Thor," $150,000,000"
83,83,"Nov 7, 2008",Madagascar: Escape 2 Africa," $150,000,000"
84,84,"May 1, 2009",X-Men Origins: Wolverine," $150,000,000"
85,85,"May 22, 2009",Night at the Museum: Battle of the Smithsonian," $150,000,000"
86,86,"May 26, 2011",Kung Fu Panda 2," $150,000,000"
87,87,"May 14, 2015",Mad Max: Fury Road," $150,000,000"
88,88,"May 3, 2019",PokÃ©mon: Detective Pikachu," $150,000,000"
89,89,"Nov 5, 2003",The Matrix Revolutions," $150,000,000"
90,90,"Mar 20, 2018",Ready Player One," $150,000,000"
91,91,"Nov 4, 2005",Chicken Little," $150,000,000"
92,92,"May 5, 2006",Mission: Impossible III," $150,000,000"
93,93,"May 15, 2009",Angels & Demons," $150,000,000"
94,94,"May 14, 2004",Troy," $150,000,000"
95,95,"Jul 1, 2010",The Last Airbender," $150,000,000"
96,96,"Nov 2, 2007",Bee Movie," $150,000,000"
97,97,"Jul 24, 2009",G-Force," $150,000,000"
98,98,"Nov 21, 2008",Bolt," $150,000,000"
99,99,"Mar 28, 2012",Wrath of the Titans," $150,000,000"
0,0,"Nov 16, 2007",Beowulf," $150,000,000"
1,1,"May 9, 2012",Dark Shadows," $150,000,000"
2,2,"Jun 28, 2013",White House Down," $150,000,000"
3,3,"Feb 12, 2010",The Wolfman," $150,000,000"
4,4,"Dec 15, 2016",The Great Wall," $150,000,000"
5,5,"Sep 25, 2015",Pan," $150,000,000"
6,6,"Mar 11, 2011",Mars Needs Moms," $150,000,000"
7,7,Unknown,Moonfall," $150,000,000"
8,8,"Nov 3, 2006",Flushed Away," $149,000,000"
9,9,"Jun 8, 2012",Madagascar 3: Europe's Most Wanted," $145,000,000"
10,10,"Dec 14, 2011",Mission: ImpossibleâGhost Protocol," $145,000,000"
11,11,"Jun 5, 2014",How to Train Your Dragon 2," $145,000,000"
12,12,"Jun 16, 1999",Tarzan," $145,000,000"
13,13,"Feb 20, 2014",Mr. Peabody & Sherman," $145,000,000"
14,14,"Nov 20, 2012",Rise of the Guardians," $145,000,000"
15,15,"Apr 8, 2005",Sahara," $145,000,000"
16,16,"Jul 13, 2016",Ghostbusters," $144,000,000"
17,17,"Nov 22, 2002",Die Another Day," $142,000,000"
18,18,"Jul 9, 2003",Pirates of the Caribbean: The Curse of the Blac…," $140,000,000"
19,19,"May 8, 2009",Star Trek," $140,000,000"
20,20,"Jul 1, 1998",Armageddon," $140,000,000"
21,21,"Jul 3, 2002",Men in Black 2," $140,000,000"
22,22,"Jul 22, 2011",Captain America: The First Avenger," $140,000,000"
23,23,"Jan 23, 2016",Kung Fu Panda 3," $140,000,000"
24,24,"Jul 10, 1998",Lethal Weapon 4," $140,000,000"
25,25,"Mar 27, 2013",G.I. Joe: Retaliation," $140,000,000"
26,26,"Dec 5, 2003",The Last Samurai," $140,000,000"
27,27,"Dec 21, 2005",Fun With Dick And Jane," $140,000,000"
28,28,"Dec 5, 2014",Exodus: Gods and Kings," $140,000,000"
29,29,"Jun 30, 2016",The BFG," $140,000,000"
30,30,"Oct 3, 2019",Gemini Man," $140,000,000"
31,31,"Feb 24, 2016",Gods of Egypt," $140,000,000"
32,32,"Jun 26, 2020",Top Gun: Maverick," $140,000,000"
33,33,"May 3, 2002",Spider-Man," $139,000,000"
34,34,"Mar 6, 2009",Watchmen," $138,000,000"
35,35,"Jul 29, 2005",Stealth," $138,000,000"
36,36,"Jun 13, 2008",The Incredible Hulk," $137,500,000"
37,37,"Jun 20, 2003",Hulk," $137,000,000"
38,38,"Jul 11, 2001",Final Fantasy: The Spirits Within," $137,000,000"
39,39,"Nov 14, 2012","The Twilight Saga: Breaking Dawn, Part 2"," $136,200,000"
40,40,"Mar 15, 2013",The Croods," $135,000,000"
41,41,"Dec 25, 2015",The Revenant," $135,000,000"
42,42,"Nov 19, 1999",The World is Not Enough," $135,000,000"
43,43,"Mar 4, 2011",Rango," $135,000,000"
44,44,"Nov 14, 2003",Master and Commander: The Far Side of the World," $135,000,000"
45,45,"Jul 17, 2013",Turbo," $135,000,000"
46,46,"Jun 2, 2016",Teenage Mutant Ninja Turtles: Out of the Shadows," $135,000,000"
47,47,"Nov 18, 2011",Happy Feet Two," $135,000,000"
48,48,"Jul 28, 2006",Miami Vice," $135,000,000"
49,49,"Oct 31, 2018",The Nutcracker and the Four Realms," $132,900,000"
50,50,"Jun 29, 2005",War of the Worlds," $132,000,000"
51,51,"Nov 26, 2014",Penguins of Madagascar," $132,000,000"
52,52,"Nov 15, 2013",The Hunger Games: Catching Fire," $130,000,000"
53,53,"Jun 4, 2004",Harry Potter and the Prisoner of Azkaban," $130,000,000"
54,54,"Aug 3, 2007",The Bourne Ultimatum," $130,000,000"
55,55,"Jul 3, 2018",Ant-Man and the Wasp," $130,000,000"
56,56,"Jun 6, 2008",Kung Fu Panda," $130,000,000"
57,57,"Jul 14, 2015",Ant-Man," $130,000,000"
58,58,"Mar 19, 2015",Home," $130,000,000"
59,59,"Dec 19, 2018",Mary Poppins Returns," $130,000,000"
60,60,"Oct 28, 2011",Puss in Boots," $130,000,000"
61,61,"Nov 5, 2010",Megamind," $130,000,000"
62,62,"Jul 18, 2003",Bad Boys II," $130,000,000"
63,63,"Mar 20, 2014",Rio 2," $130,000,000"
64,64,"Jul 23, 2010",Salt," $130,000,000"
65,65,"Mar 27, 2014",Noah," $130,000,000"
66,66,"Oct 28, 2011",The Adventures of Tintin," $130,000,000"
67,67,"May 31, 2013",After Earth," $130,000,000"
68,68,"Nov 26, 2008",Australia," $130,000,000"
69,69,"Jul 19, 2013",R.I.P.D.," $130,000,000"
70,70,"Jan 3, 2019",How to Train Your Dragon: The Hidden World," $129,000,000"
71,71,"Nov 18, 2011","The Twilight Saga: Breaking Dawn, Part 1"," $127,500,000"
72,72,"May 19, 2000",Dinosaur," $127,500,000"
73,73,"Feb 23, 2017",Logan," $127,000,000"
74,74,"Dec 18, 2014",Night at the Museum: Secret of the Tomb," $127,000,000"
75,75,"Jul 13, 2011",Harry Potter and the Deathly Hallows: Part II," $125,000,000"
76,76,"Nov 19, 2014",The Hunger Games: Mockingjay - Part 1," $125,000,000"
77,77,"Nov 15, 2001",Harry Potter and the Sorcererâs Stone," $125,000,000"
78,78,"Dec 4, 2019",Jumanji: The Next Level," $125,000,000"
79,79,"Nov 18, 2010",Harry Potter and the Deathly Hallows: Part I," $125,000,000"
80,80,"May 19, 2006",The Da Vinci Code," $125,000,000"
81,81,"May 2, 2003",X-Men 2," $125,000,000"
82,82,"Apr 29, 2011",Fast Five," $125,000,000"
83,83,"Aug 8, 2014",Teenage Mutant Ninja Turtles," $125,000,000"
84,84,"Dec 16, 2011",Sherlock Holmes: A Game of Shadows," $125,000,000"
85,85,"May 28, 2004",The Day After Tomorrow," $125,000,000"
86,86,"Mar 17, 2017",The Boss Baby," $125,000,000"
87,87,"Apr 1, 2010",Clash of the Titans," $125,000,000"
88,88,"Oct 12, 2016",Trolls," $125,000,000"
89,89,"May 19, 1998",Godzilla," $125,000,000"
90,90,"May 30, 2012",Prometheus," $125,000,000"
91,91,"Aug 10, 2012",The Bourne Legacy," $125,000,000"
92,92,"Jun 20, 1997",Batman & Robin," $125,000,000"
93,93,"Jul 5, 2018",Skyscraper," $125,000,000"
94,94,"Aug 3, 2012",Total Recall," $125,000,000"
95,95,"Dec 21, 2016",Assassinâs Creed," $125,000,000"
96,96,"Jan 3, 2020",The Call of the Wild," $125,000,000"
97,97,"Dec 29, 2016",Monster Trucks," $125,000,000"
98,98,"Aug 27, 1999",The 13th Warrior," $125,000,000"
99,99,"Nov 17, 2000",How the Grinch Stole Christmas," $123,000,000"
0,0,"May 24, 2000",Mission: Impossible 2," $120,000,000"
1,1,"Jun 30, 2000",The Perfect Storm," $120,000,000"
2,2,"Jul 20, 2016",Jason Bourne," $120,000,000"
3,3,"Jun 15, 2007",Fantastic Four: Rise of the Silver Surfer," $120,000,000"
4,4,"Nov 21, 2012",Life of Pi," $120,000,000"
5,5,"Feb 16, 2007",Ghost Rider," $120,000,000"
6,6,"Apr 9, 2018",Rampage," $120,000,000"
7,7,"Jun 27, 2003",Charlie's Angels: Full Throttle," $120,000,000"
8,8,"Aug 9, 2013",Elysium," $120,000,000"
9,9,"Apr 19, 2013",Oblivion," $120,000,000"
10,10,"Mar 24, 2017",Power Rangers," $120,000,000"
11,11,"Jul 19, 2002",Stuart Little 2," $120,000,000"
12,12,"Feb 12, 2014",RoboCop," $120,000,000"
13,13,"Jun 11, 2004",The Chronicles of Riddick," $120,000,000"
14,14,"Aug 5, 2015",The Fantastic Four," $120,000,000"
15,15,"May 9, 2008",Speed Racer," $120,000,000"
16,16,"Jul 22, 2005",The Island," $120,000,000"
17,17,"Dec 17, 2010",How Do You Know?," $120,000,000"
18,18,"Jun 23, 2010",Knight and Day," $117,000,000"
19,19,"Oct 2, 2018",Venom," $116,000,000"
20,20,"May 19, 1999",Star Wars Ep. I: The Phantom Menace," $115,000,000"
21,21,"May 19, 2005",Star Wars Ep. III: Revenge of the Sith," $115,000,000"
22,22,"May 16, 2002",Star Wars Ep. II: Attack of the Clones," $115,000,000"
23,23,"Nov 2, 2001","Monsters, Inc."," $115,000,000"
24,24,"Jul 26, 2013",The Wolverine," $115,000,000"
25,25,"Feb 7, 1997",Dante's Peak," $115,000,000"
26,26,"Apr 6, 2016",The Huntsman: Winterâs War," $115,000,000"
27,27,"Jun 14, 2002",Windtalkers," $115,000,000"
28,28,"Jul 4, 2008",AstÃ©rix aux Jeux Olympiques," $113,500,000"
29,29,"Dec 24, 2010",Gulliver's Travels," $112,000,000"
30,30,"Dec 8, 2017",Ferdinand," $111,000,000"
31,31,"May 11, 2018",Deadpool 2," $110,000,000"
32,32,"Oct 3, 2013",Gravity," $110,000,000"
33,33,"Dec 22, 2006",Night at the Museum," $110,000,000"
34,34,"Jun 10, 2005",Mr. and Mrs. Smith," $110,000,000"
35,35,"May 27, 2015",San Andreas," $110,000,000"
36,36,"Jul 29, 2011",The Smurfs," $110,000,000"
37,37,"Jun 27, 2007",Live Free or Die Hard," $110,000,000"
38,38,"Mar 18, 2015",The Divergent Series: Insurgent," $110,000,000"
39,39,"Dec 10, 2004",Ocean's Twelve," $110,000,000"
40,40,"Dec 19, 1997",Tomorrow Never Dies," $110,000,000"
41,41,"Jun 28, 2000",The Patriot," $110,000,000"
42,42,"Mar 7, 2014",300: Rise of an Empire," $110,000,000"
43,43,"Dec 17, 2004",The Aviator," $110,000,000"
44,44,"Dec 21, 2016",Passengers," $110,000,000"
45,45,"Jan 14, 2011",The Green Hornet," $110,000,000"
46,46,"Sep 21, 2016",Miss Peregrineâs Home for Peculiar Children," $110,000,000"
47,47,"Oct 7, 2011",Real Steel," $110,000,000"
48,48,"Jun 12, 2019",Men in Black: International," $110,000,000"
49,49,"Jun 11, 2010",The A-Team," $110,000,000"
50,50,"Jul 31, 2013",The Smurfs 2," $110,000,000"
51,51,"Mar 9, 2016",The Divergent Series: Allegiant," $110,000,000"
52,52,"Jun 12, 2009",The Taking of Pelham 123," $110,000,000"
53,53,"Oct 25, 2013",Ender's Game," $110,000,000"
54,54,"Apr 2, 2004",Home on the Range," $110,000,000"
55,55,"Jun 13, 1997",Speed 2: Cruise Control," $110,000,000"
56,56,"May 6, 2005",Kingdom of Heaven," $110,000,000"
57,57,"Mar 23, 2017",Ghost in the Shell," $110,000,000"
58,58,"Jun 16, 2004",Around the World in 80 Days," $110,000,000"
59,59,"Dec 19, 2001",The Lord of the Rings: The Fellowship of the Ring," $109,000,000"
60,60,"Nov 21, 2003",The Cat in the Hat," $109,000,000"
61,61,"Dec 25, 2001",Ali," $109,000,000"
62,62,"Sep 30, 2015",The Martian," $108,000,000"
63,63,"Nov 20, 2016",Allied," $106,000,000"
64,64,"Jul 16, 2004","I, Robot"," $105,000,000"
65,65,"Dec 17, 1999",Stuart Little," $105,000,000"
66,66,"Nov 25, 2009",The Princess and the Frog," $105,000,000"
67,67,"Mar 7, 2008","10,000 B.C."," $105,000,000"
68,68,"Jul 1, 2016",Ice Age: Collision Course," $105,000,000"
69,69,"Apr 27, 2001",Town & Country," $105,000,000"
70,70,"Sep 19, 2017",Kingsman: The Golden Circle," $104,000,000"
71,71,"Jun 9, 2000",Gone in 60 Seconds," $103,300,000"
72,72,"May 5, 2000",Gladiator," $103,000,000"
73,73,"May 23, 2013",The Hangover 3," $103,000,000"
74,74,"Mar 9, 2018",A Wrinkle in Time," $103,000,000"
75,75,"Jul 1, 2009",Public Enemies," $102,500,000"
76,76,"Nov 17, 2006",Casino Royale," $102,000,000"
77,77,"Jun 21, 2002",Minority Report," $102,000,000"
78,78,"Dec 13, 2018",Bumblebee," $102,000,000"
79,79,"Oct 26, 2012",Cloud Atlas," $102,000,000"
80,80,"Nov 15, 2002",Harry Potter and the Chamber of Secrets," $100,000,000"
81,81,"Jan 2, 1991",Terminator 2: Judgment Day," $100,000,000"
82,82,"Jun 16, 1995",Batman Forever," $100,000,000"
83,83,"Jul 27, 2001",Planet of the Apes," $100,000,000"
84,84,"Nov 19, 2004",National Treasure," $100,000,000"
85,85,"Dec 25, 2012",Django Unchained," $100,000,000"
86,86,"Dec 25, 2019",1917," $100,000,000"
87,87,"Dec 22, 2010",Little Fockers," $100,000,000"
88,88,"Jul 15, 1994",True Lies," $100,000,000"
89,89,"Nov 2, 2007",American Gangster," $100,000,000"
90,90,"Sep 18, 2009",Cloudy with a Chance of Meatballs," $100,000,000"
91,91,"Aug 6, 2010",The Other Guys," $100,000,000"
92,92,"Dec 17, 2004",Lemony Snicket's A Series of Unfortunate Events," $100,000,000"
93,93,"Dec 25, 2013",The Wolf of Wall Street," $100,000,000"
94,94,"May 24, 2013",Epic," $100,000,000"
95,95,"Jun 21, 1996",Eraser," $100,000,000"
96,96,"Jun 21, 1996",The Hunchback of Notre Dame," $100,000,000"
97,97,"Dec 15, 2000",The Emperor's New Groove," $100,000,000"
98,98,"Aug 15, 2012",The Expendables 2," $100,000,000"
99,99,"Oct 16, 2009",Where the Wild Things Are," $100,000,000"
0,0,"Dec 15, 2006",Eragon," $100,000,000"
1,1,"Jul 23, 2014",Hercules," $100,000,000"
2,2,"Dec 10, 2010",The Tourist," $100,000,000"
3,3,"Nov 24, 1999",End of Days," $100,000,000"
4,4,"Dec 25, 2019",Spies in Disguise," $100,000,000"
5,5,"Jun 11, 2004",The Stepford Wives," $100,000,000"
6,6,"Jun 8, 2007",Surf's Up," $100,000,000"
7,7,"Dec 8, 2006",Blood Diamond," $100,000,000"
8,8,"Nov 7, 2019",Midway," $100,000,000"
9,9,"Sep 24, 2010",Legend of the Guardians: The Owls of Ga'Hoole," $100,000,000"
10,10,"Nov 7, 1997",Starship Troopers," $100,000,000"
11,11,"Jun 5, 2009",Land of the Lost," $100,000,000"
12,12,"Dec 25, 2003",Peter Pan," $100,000,000"
13,13,"Mar 15, 2019",Wonder Park," $100,000,000"
14,14,"Jul 23, 2004",Catwoman," $100,000,000"
15,15,"Aug 14, 2014",The Expendables 3," $100,000,000"
16,16,"Nov 27, 2002",Treasure Planet," $100,000,000"
17,17,"Mar 12, 2010",Green Zone," $100,000,000"
18,18,"Oct 13, 2017",Geostorm," $100,000,000"
19,19,"Dec 2, 2015",Point Break," $100,000,000"
20,20,"Dec 17, 2019",Cats," $100,000,000"
21,21,"Nov 26, 2015",In the Heart of the Sea," $100,000,000"
22,22,"Apr 18, 2014",Transcendence," $100,000,000"
23,23,"Feb 18, 2005",Son of the Mask," $100,000,000"
24,24,"Dec 5, 2018",Mortal Engines," $100,000,000"
25,25,"Aug 16, 2002",The Adventures of Pluto Nash," $100,000,000"
26,26,"Jan 20, 2012",Jin lÃ­ng shÃ­ san chai," $100,000,000"
27,27,"May 29, 2020",Artemis Fowl," $100,000,000"
28,28,"Nov 5, 2015",The Peanuts Movie," $99,000,000"
29,29,"Feb 6, 2019",The LEGO Movie 2: The Second Part," $99,000,000"
30,30,"Nov 21, 2018",Robin Hood," $99,000,000"
31,31,"May 4, 2001",The Mummy Returns," $98,000,000"
32,32,"Nov 14, 2019",Ford v. Ferrari," $97,600,000"
33,33,"Dec 20, 2002",Gangs of New York," $97,000,000"
34,34,"May 4, 2017",Alien: Covenant," $97,000,000"
35,35,"Mar 6, 2015",Cinderella," $95,000,000"
36,36,"Jun 27, 2012",Ice Age: Continental Drift," $95,000,000"
37,37,"Dec 28, 2001",Black Hawk Down," $95,000,000"
38,38,"May 27, 2010",Sex and the City 2," $95,000,000"
39,39,"Feb 12, 2010",Percy Jackson & the Olympians: The Lightning Thief," $95,000,000"
40,40,"Aug 10, 2012",The Campaign," $95,000,000"
41,41,"Nov 12, 2010",Unstoppable," $95,000,000"
42,42,"May 9, 1997",The Fifth Element," $95,000,000"
43,43,"Mar 31, 2000",The Road to El Dorado," $95,000,000"
44,44,"Dec 11, 2009",The Lovely Bones," $95,000,000"
45,45,"Jun 30, 2016",Ben-Hur," $95,000,000"
46,46,"Dec 19, 2014",Seventh Son," $95,000,000"
47,47,"May 30, 2003",Finding Nemo," $94,000,000"
48,48,"Dec 17, 2003",The Lord of the Rings: The Return of the King," $94,000,000"
49,49,"Dec 18, 2002",The Lord of the Rings: The Two Towers," $94,000,000"
50,50,"Jun 15, 2001",Lara Croft: Tomb Raider," $94,000,000"
51,51,"Jan 29, 2015",Kingsman: The Secret Service," $94,000,000"
52,52,"Jul 18, 2001",Jurassic Park III," $93,000,000"
53,53,"Aug 5, 2011",Rise of the Planet of the Apes," $93,000,000"
54,54,"Feb 14, 2008",The Spiderwick Chronicles," $92,500,000"
55,55,"Oct 22, 2004",The Incredibles," $92,000,000"
56,56,"Feb 6, 2013",A Good Day to Die Hard," $92,000,000"
57,57,"Apr 9, 2004",The Alamo," $92,000,000"
58,58,"Dec 22, 1995",Cutthroat Island," $92,000,000"
59,59,"Dec 19, 2013",The Secret Life of Walter Mitty," $91,000,000"
60,60,"Dec 20, 2017",Jumanji: Welcome to the Jungle," $90,000,000"
61,61,"Jul 1, 1997",Men in Black," $90,000,000"
62,62,"Nov 19, 1999",Toy Story 2," $90,000,000"
63,63,"Aug 3, 2001",Rush Hour 2," $90,000,000"
64,64,"Dec 25, 2009",Sherlock Holmes," $90,000,000"
65,65,"Jan 15, 2020",Bad Boys For Life," $90,000,000"
66,66,"Jul 1, 2009",Ice Age: Dawn of the Dinosaurs," $90,000,000"
67,67,"Dec 12, 2018",Spider-Man: Into The Spider-Verse 3D," $90,000,000"
68,68,"Jul 21, 2000",What Lies Beneath," $90,000,000"
69,69,"Apr 8, 2011",Rio," $90,000,000"
70,70,"Jul 26, 2019",Once Upon a Timeâ¦in Hollywood," $90,000,000"
71,71,"Oct 6, 2006",The Departed," $90,000,000"
72,72,"Feb 13, 2020",Sonic The Hedgehog," $90,000,000"
73,73,"Nov 3, 2000",Charlie's Angels," $90,000,000"
74,74,"Jun 19, 1998",Mulan," $90,000,000"
75,75,"Aug 13, 2008",Tropic Thunder," $90,000,000"
76,76,"Dec 20, 2011",The Girl with the Dragon Tattoo," $90,000,000"
77,77,"Jul 11, 1997",Contact," $90,000,000"
78,78,"Jun 6, 2008",You Don't Mess With the Zohan," $90,000,000"
79,79,"May 19, 1995",Die Hard: With a Vengeance," $90,000,000"
80,80,"Sep 12, 2016",The Magnificent Seven," $90,000,000"
81,81,"Dec 18, 2015",Alvin and the Chipmunks: The Road Chip," $90,000,000"
82,82,"Jun 8, 2001",Atlantis: The Lost Empire," $90,000,000"
83,83,"Dec 25, 2008",Valkyrie," $90,000,000"
84,84,"Jul 16, 2015",Pixels," $90,000,000"
85,85,"Jun 29, 2001",Artificial Intelligence: AI," $90,000,000"
86,86,"Nov 26, 2003",The Haunted Mansion," $90,000,000"
87,87,"Aug 4, 2000",Hollow Man," $90,000,000"
88,88,"Apr 22, 2005",The Interpreter," $90,000,000"
89,89,"Aug 7, 2013",Percy Jackson: Sea of Monsters," $90,000,000"
90,90,"Jul 25, 2003",Lara Croft: Tomb Raider: The Cradle of Life," $90,000,000"
91,91,"May 27, 2016",Now You See Me 2," $90,000,000"
92,92,"Nov 21, 2001",Spy Game," $90,000,000"
93,93,"Apr 4, 1997",The Saint," $90,000,000"
94,94,"Mar 10, 2000",Mission to Mars," $90,000,000"
95,95,"Mar 6, 2018",Tomb Raider," $90,000,000"
96,96,"Dec 17, 1999",Bicentennial Man," $90,000,000"
97,97,"Jul 7, 2004",King Arthur," $90,000,000"
98,98,"Apr 25, 1997",Volcano," $90,000,000"
99,99,"Mar 26, 1997",The Devil's Own," $90,000,000"
0,0,"Jul 19, 2002",K-19: The Widowmaker," $90,000,000"
1,1,"Aug 19, 2011",Conan the Barbarian," $90,000,000"
2,2,"Oct 21, 2011",The Three Musketeers," $90,000,000"
3,3,"Apr 21, 2017",The Promise," $90,000,000"
4,4,"Nov 24, 2010",The Nutcracker in 3D," $90,000,000"
5,5,"Dec 13, 2017",Bright," $90,000,000"
6,6,Unknown,Army of the Dead," $90,000,000"
7,7,"May 10, 1996",Twister," $88,000,000"
8,8,"Jun 3, 2005",Cinderella Man," $88,000,000"
9,9,"Sep 11, 2018",The Predator," $88,000,000"
10,10,"Jul 8, 2005",Fantastic Four," $87,500,000"
11,11,"Feb 9, 2001",Hannibal," $87,000,000"
12,12,"Jul 25, 2003",Seabiscuit," $86,000,000"
13,13,"Dec 22, 2000",Cast Away," $85,000,000"
14,14,"Nov 17, 2006",Happy Feet," $85,000,000"
15,15,"Dec 7, 2001",Ocean's Eleven," $85,000,000"
16,16,"Jul 23, 2004",The Bourne Supremacy," $85,000,000"
17,17,"Jul 25, 1997",Air Force One," $85,000,000"
18,18,"Apr 3, 2009",Fast & Furious," $85,000,000"
19,19,"Mar 14, 2008",Horton Hears a Who," $85,000,000"
20,20,"Mar 21, 2014",Divergent," $85,000,000"
21,21,"Sep 27, 2012",Hotel Transylvania," $85,000,000"
22,22,"Apr 3, 2019",Shazam!," $85,000,000"
23,23,"Nov 21, 2007",Enchanted," $85,000,000"
24,24,"Feb 8, 2012",Safe House," $85,000,000"
25,25,"Jul 20, 2007",I Now Pronounce You Chuck and Larry," $85,000,000"
26,26,"Jun 8, 2007",Ocean's Thirteen," $85,000,000"
27,27,"Dec 25, 2009",Itâs Complicated," $85,000,000"
28,28,"Nov 20, 1998",Enemy of the State," $85,000,000"
29,29,"Sep 29, 2006",Open Season," $85,000,000"
30,30,"Nov 4, 2011",Tower Heist," $85,000,000"
31,31,"Nov 22, 2000",102 Dalmatians," $85,000,000"
32,32,"Mar 15, 2012",Mirror Mirror," $85,000,000"
33,33,"Dec 8, 2006",The Holiday," $85,000,000"
34,34,"Jun 16, 2006",The Fast and the Furious: Tokyo Drift," $85,000,000"
35,35,"Dec 9, 2005",Memoirs of a Geisha," $85,000,000"
36,36,"Mar 16, 2001",Enemy at the Gates," $85,000,000"
37,37,"Jun 18, 1993",Last Action Hero," $85,000,000"
38,38,"Sep 26, 2003",The Rundown," $85,000,000"
39,39,"Nov 11, 2011",Arthur Christmas," $85,000,000"
40,40,"Jan 19, 2017",xXx: Return of Xander Cage," $85,000,000"
41,41,"Nov 13, 1998",Meet Joe Black," $85,000,000"
42,42,"Jul 30, 2010",Cats & Dogs: The Revenge of Kitty Galore," $85,000,000"
43,43,"Feb 8, 2002",Collateral Damage," $85,000,000"
44,44,"Mar 15, 2002",Showtime," $85,000,000"
45,45,"Jun 30, 1995",Judge Dredd," $85,000,000"
46,46,"Mar 2, 2007",Zodiac," $85,000,000"
47,47,"Aug 13, 2010",Scott Pilgrim vs. The World," $85,000,000"
48,48,"Mar 28, 2003",The Core," $85,000,000"
49,49,"May 9, 1997",Father's Day," $85,000,000"
50,50,"Dec 11, 2017",The Greatest Showman," $84,000,000"
51,51,"Jun 14, 2002",Scooby-Doo," $84,000,000"
52,52,"Jul 28, 2000",Nutty Professor II: The Klumps," $84,000,000"
53,53,"Jul 19, 2013",RED 2," $84,000,000"
54,54,"Jun 23, 2006",Click," $82,500,000"
55,55,"Dec 15, 2006",Charlotte's Web," $82,500,000"
56,56,"Feb 14, 2008",Jumper," $82,500,000"
57,57,"Jul 11, 2008",Hellboy II: The Golden Army," $82,500,000"
58,58,"May 27, 2005",The Longest Yard," $82,000,000"
59,59,"Aug 13, 2010",The Expendables," $82,000,000"
60,60,"Feb 5, 2020",Birds of Prey (And the Fantabulous Emancipation…," $82,000,000"
61,61,"Nov 17, 2000",The 6th Day," $82,000,000"
62,62,"May 23, 2003",Bruce Almighty," $81,000,000"
63,63,"Mar 8, 2012",The Hunger Games," $80,000,000"
64,64,"May 26, 2011",The Hangover Part II," $80,000,000"
65,65,"May 21, 1996",Mission: Impossible," $80,000,000"
66,66,"Feb 2, 2017",The Lego Batman Movie," $80,000,000"
67,67,"Sep 23, 2015",Hotel Transylvania 2," $80,000,000"
68,68,"Jun 18, 1992",Batman Returns," $80,000,000"
69,69,"May 24, 2019",The Secret Life of Pets 2," $80,000,000"
70,70,"May 7, 1999",The Mummy," $80,000,000"
71,71,"May 19, 2006",Over the Hedge," $80,000,000"
72,72,"Jun 21, 2002",Lilo & Stitch," $80,000,000"
73,73,"May 8, 1998",Deep Impact," $80,000,000"
74,74,"Jul 12, 2013",Grown Ups 2," $80,000,000"
75,75,"Dec 14, 2011",Alvin and the Chipmunks: Chipwrecked," $80,000,000"
76,76,"Jun 20, 2008",Get Smart," $80,000,000"
77,77,"Mar 11, 2005",Robots," $80,000,000"
78,78,"Feb 19, 2010",Shutter Island," $80,000,000"
79,79,"Dec 12, 2003",Something's Gotta Give," $80,000,000"
80,80,"Nov 26, 2008",Four Christmases," $80,000,000"
81,81,"Jun 27, 1997",Face/Off," $80,000,000"
82,82,"Dec 25, 2008",Bedtime Stories," $80,000,000"
83,83,"Jul 12, 2002",Road to Perdition," $80,000,000"
84,84,"Feb 11, 2011",Just Go With It," $80,000,000"
85,85,"Feb 14, 2003",Daredevil," $80,000,000"
86,86,"Sep 26, 2008",Eagle Eye," $80,000,000"
87,87,"Jun 6, 1997",Con Air," $80,000,000"
88,88,"Dec 17, 2010",Yogi Bear," $80,000,000"
89,89,"Dec 25, 2003",Cold Mountain," $80,000,000"
90,90,"Jan 15, 2010",The Book of Eli," $80,000,000"
91,91,"Nov 26, 1997",Flubber," $80,000,000"
92,92,"Jul 23, 1999",The Haunting," $80,000,000"
93,93,"Nov 15, 1996",Space Jam," $80,000,000"
94,94,"Oct 17, 2014",Fury," $80,000,000"
95,95,"Sep 21, 2018",Smallfoot," $80,000,000"
96,96,"Feb 10, 2006",The Pink Panther," $80,000,000"
97,97,"Jul 8, 2011",Zookeeper," $80,000,000"
98,98,"Dec 12, 2008",The Day the Earth Stood Still," $80,000,000"
99,99,"Aug 8, 1997",Conspiracy Theory," $80,000,000"
0,0,"Jun 12, 1998","Six Days, Seven Nights"," $80,000,000"
1,1,"May 24, 2002",Spirit: Stallion of the Cimarron," $80,000,000"
2,2,"Jun 8, 2001",Swordfish," $80,000,000"
3,3,"Dec 31, 1999",Fantasia 2000 (Theatrical Release)," $80,000,000"
4,4,"Apr 3, 1998",Lost In Space," $80,000,000"
5,5,"Jul 30, 2004",The Manchurian Candidate," $80,000,000"
6,6,"Nov 22, 2006",DÃ©jÃ  Vu," $80,000,000"
7,7,"Jun 24, 2005",Bewitched," $80,000,000"
8,8,"Mar 8, 2002",The Time Machine," $80,000,000"
9,9,"Oct 2, 1998",What Dreams May Come," $80,000,000"
10,10,"Dec 25, 1998",Mighty Joe Young," $80,000,000"
11,11,"Sep 19, 2019",Ad Astra," $80,000,000"
12,12,"Oct 28, 2005",The Legend of Zorro," $80,000,000"
13,13,"Nov 10, 2000",Little Nicky," $80,000,000"
14,14,"Sep 25, 2009",Surrogates," $80,000,000"
15,15,"Jun 8, 2001",Evolution," $80,000,000"
16,16,"Aug 26, 2005",The Brothers Grimm," $80,000,000"
17,17,"Dec 13, 1996",Mars Attacks!," $80,000,000"
18,18,"Apr 14, 2006",The Wild," $80,000,000"
19,19,"Dec 20, 2013",Walking with Dinosaurs," $80,000,000"
20,20,"Dec 22, 2000",Thirteen Days," $80,000,000"
21,21,"Dec 6, 1996",Daylight," $80,000,000"
22,22,"Oct 21, 2015",The Last Witch Hunter," $80,000,000"
23,23,"Feb 21, 2014",Pompeii," $80,000,000"
24,24,"May 12, 2000",Battlefield Earth: A Saga of the Year 3000," $80,000,000"
25,25,"Nov 14, 2003",Looney Tunes: Back in Action," $80,000,000"
26,26,"Dec 18, 2009",Nine," $80,000,000"
27,27,"Nov 26, 2003",Timeline," $80,000,000"
28,28,"Apr 22, 2010",Oceans," $80,000,000"
29,29,"Nov 25, 1998",Babe: Pig in the City," $80,000,000"
30,30,"Dec 25, 1997",The Postman," $80,000,000"
31,31,"Nov 10, 2000",Red Planet," $80,000,000"
32,32,"Jan 12, 2007",Arthur et les Minimoys," $80,000,000"
33,33,"Aug 17, 2007",The Invasion," $80,000,000"
34,34,"Sep 2, 2005",A Sound of Thunder," $80,000,000"
35,35,"Nov 1, 2019",The Aeronauts," $80,000,000"
36,36,"Jun 15, 1994",The Lion King," $79,300,000"
37,37,"Feb 2, 2012",Journey 2: The Mysterious Island," $79,000,000"
38,38,"Nov 11, 2011",Jack and Jill," $79,000,000"
39,39,"Dec 21, 2001",A Beautiful Mind," $78,000,000"
40,40,"Sep 26, 2013",Cloudy with a Chance of Meatballs 2," $78,000,000"
41,41,"Oct 4, 2002",Red Dragon," $78,000,000"
42,42,"Mar 5, 2004",Hidalgo," $78,000,000"
43,43,"Jul 11, 2003",The League of Extraordinary Gentlemen," $78,000,000"
44,44,"Aug 20, 2004",Exorcist: The Beginning," $78,000,000"
45,45,"Oct 17, 2012",AstÃ©rix et ObÃ©lix: Au service de Sa MajestÃ© ," $77,600,000"
46,46,"Jul 29, 2015",The Little Prince," $77,500,000"
47,47,"Sep 1, 2017",Renegades," $77,500,000"
48,48,"Jul 18, 2018",The Equalizer 2," $77,000,000"
49,49,"Jun 26, 2013",Despicable Me 2," $76,000,000"
50,50,"Jun 6, 2003",2 Fast 2 Furious," $76,000,000"
51,51,"Dec 25, 2006",Children of Men," $76,000,000"
52,52,"Jun 30, 2000",The Adventures of Rocky & Bullwinkle," $76,000,000"
53,53,"May 8, 2016",The Secret Life of Pets," $75,000,000"
54,54,"Jul 2, 1996",Independence Day," $75,000,000"
55,55,"Nov 7, 2018",Dr. Seussâ The Grinch," $75,000,000"
56,56,"Nov 24, 2016",Sing," $75,000,000"
57,57,"Jun 14, 2017",Despicable Me 3," $75,000,000"
58,58,"May 22, 1997",The Lost World: Jurassic Park," $75,000,000"
59,59,"Mar 31, 2006",Ice Age: The Meltdown," $75,000,000"
60,60,"May 27, 2005",Madagascar," $75,000,000"
61,61,"Jun 25, 2010",Grown Ups," $75,000,000"
62,62,"Oct 1, 2004",Shark Tale," $75,000,000"
63,63,"Jul 14, 2000",X-Men," $75,000,000"
64,64,"Jun 27, 2008",Wanted," $75,000,000"
65,65,"Jun 7, 1996",The Rock," $75,000,000"
66,66,"Feb 13, 2004",50 First Dates," $75,000,000"
67,67,"Jul 18, 2018",Mamma Mia: Here We Go Again!," $75,000,000"
68,68,"Jul 20, 2007",Hairspray," $75,000,000"
69,69,"May 31, 2013",Now You See Me," $75,000,000"
70,70,"Dec 15, 2006",Dreamgirls," $75,000,000"
71,71,"Aug 3, 2018",Christopher Robin," $75,000,000"
72,72,"Jul 23, 1999",Inspector Gadget," $75,000,000"
73,73,"Nov 11, 2011",Immortals," $75,000,000"
74,74,"Jun 18, 2004",The Terminal," $75,000,000"
75,75,"Feb 18, 2005",Constantine," $75,000,000"
76,76,"Jul 21, 2006",Monster House," $75,000,000"
77,77,"Dec 8, 2000",Vertical Limit," $75,000,000"
78,78,"Dec 21, 2007",Charlie Wilson's War," $75,000,000"
79,79,"Apr 16, 1999",Life," $75,000,000"
80,80,"Sep 19, 2019",Abominable," $75,000,000"
81,81,"Mar 4, 2005",Be Cool," $75,000,000"
82,82,"Dec 23, 2005",Munich," $75,000,000"
83,83,"Jun 4, 2010",Killers," $75,000,000"
84,84,"Aug 12, 2015",The Man From U.N.C.L.E.," $75,000,000"
85,85,"Mar 7, 2003",Tears of the Sun," $75,000,000"
86,86,"Jul 21, 2006",Lady in the Water," $75,000,000"
87,87,"Dec 17, 2004",Spanglish," $75,000,000"
88,88,"Oct 12, 2001",Bandits," $75,000,000"
89,89,"Dec 17, 1999",Anna and the King," $75,000,000"
90,90,"Jul 7, 1995",First Knight," $75,000,000"
91,91,"Mar 25, 2011",Sucker Punch," $75,000,000"
92,92,"Mar 11, 2005",Hostage," $75,000,000"
93,93,"Oct 5, 2016",Inferno," $75,000,000"
94,94,"Jun 13, 2003",Hollywood Homicide," $75,000,000"
95,95,"Jun 16, 2000",Titan A.E.," $75,000,000"
96,96,"Dec 17, 2004",Flight of the Phoenix," $75,000,000"
97,97,"Oct 23, 1998",Soldier," $75,000,000"
98,98,"Jan 15, 1999",Virus," $75,000,000"
99,99,"Feb 23, 2001",Monkeybone," $75,000,000"
0,0,"Aug 7, 2019",PLAYMOBIL," $75,000,000"
1,1,"Jan 15, 2021",355," $75,000,000"
2,2,"Jun 17, 2015",Minions," $74,000,000"
3,3,"Jan 28, 2015",The SpongeBob Movie: Sponge Out of Water," $74,000,000"
4,4,"Nov 22, 2000",Unbreakable," $73,243,106"
5,5,"Aug 4, 2006",Talladega Nights: The Ballad of Ricky Bobby," $73,000,000"
6,6,"May 11, 2016",The Angry Birds Movie," $73,000,000"
7,7,"Aug 7, 1998",Snake Eyes," $73,000,000"
8,8,"Feb 13, 1998",Sphere," $73,000,000"
9,9,"Jul 27, 2007",The Simpsons Movie," $72,500,000"
10,10,"Feb 8, 2008",Fool's Gold," $72,500,000"
11,11,"Jul 31, 2009",Funny People," $72,500,000"
12,12,"Sep 28, 2007",The Kingdom," $72,500,000"
13,13,"Jun 22, 2001",Dr. Dolittle 2," $72,000,000"
14,14,"May 24, 1995",Braveheart," $72,000,000"
15,15,"Nov 4, 2005",Jarhead," $72,000,000"
16,16,"Apr 27, 2001",Driven," $72,000,000"
17,17,"Dec 21, 2001",The Majestic," $72,000,000"
18,18,"Jun 25, 2004",Two Brothers," $72,000,000"
19,19,"Jul 30, 2004",The Village," $71,682,975"
20,20,"Jun 26, 1998",Doctor Dolittle," $71,500,000"
21,21,"Aug 2, 2002",Signs," $70,702,619"
22,22,"May 19, 2004",Shrek 2," $70,000,000"
23,23,"May 1, 2006",Cars," $70,000,000"
24,24,"Dec 23, 2009",Alvin and the Chipmunks: The Squeakquel," $70,000,000"
25,25,"Sep 4, 2019",It: Chapter Two," $70,000,000"
26,26,"Jun 22, 1988",Who Framed Roger Rabbit?," $70,000,000"
27,27,"Jul 30, 1999",Runaway Bride," $70,000,000"
28,28,"Aug 9, 2002",xXx," $70,000,000"
29,29,"Jun 8, 2018",Oceanâs 8," $70,000,000"
30,30,"Nov 8, 1996",Ransom," $70,000,000"
31,31,"Aug 21, 2009",Inglourious Basterds," $70,000,000"
32,32,"Dec 11, 1991",Hook," $70,000,000"
33,33,"Jul 3, 1990",Die Hard 2," $70,000,000"
34,34,"Aug 8, 2003",S.W.A.T.," $70,000,000"
35,35,"Nov 10, 2017",Daddyâs Home 2," $70,000,000"
36,36,"Nov 19, 1999",Sleepy Hollow," $70,000,000"
37,37,"Dec 14, 2001",Vanilla Sky," $70,000,000"
38,38,"Jun 13, 1997",Hercules," $70,000,000"
39,39,"Mar 20, 2013",Olympus Has Fallen," $70,000,000"
40,40,"Mar 11, 2011",Battle: Los Angeles," $70,000,000"
41,41,"Aug 13, 2004",AVP: Alien Vs. Predator," $70,000,000"
42,42,"Dec 25, 2011",War Horse," $70,000,000"
43,43,"Mar 1, 2002",We Were Soldiers," $70,000,000"
44,44,"Feb 7, 2014",The Monuments Men," $70,000,000"
45,45,"Sep 22, 2016",Storks," $70,000,000"
46,46,"Dec 11, 1998",Star Trek: Insurrection," $70,000,000"
47,47,"Dec 10, 2003",Big Fish," $70,000,000"
48,48,"Jun 17, 1994",Wolf," $70,000,000"
49,49,"Jan 20, 2012",Underworld: Awakening," $70,000,000"
50,50,"Sep 15, 2017",The Lego Ninjago Movie," $70,000,000"
51,51,"Oct 1, 2014",Dracula Untold," $70,000,000"
52,52,"Sep 29, 2006",The Guardian," $70,000,000"
53,53,"Aug 9, 1989",The Abyss," $70,000,000"
54,54,"Sep 24, 2010",Wall Street 2: Money Never Sleeps," $70,000,000"
55,55,"Jan 14, 2011",The Dilemma," $70,000,000"
56,56,"Dec 25, 2005",Rumor Has It," $70,000,000"
57,57,"Nov 6, 1998",The Siege," $70,000,000"
58,58,"Aug 10, 2007",Stardust," $70,000,000"
59,59,"Jun 13, 2012",Rock of Ages," $70,000,000"
60,60,"Oct 8, 1997",Seven Years in Tibet," $70,000,000"
61,61,"Sep 17, 2004",Sky Captain and the World of Tomorrow," $70,000,000"
62,62,"Sep 14, 2007",The Brave One," $70,000,000"
63,63,"Nov 1, 2002",I Spy," $70,000,000"
64,64,"Jun 7, 2002",Bad Company," $70,000,000"
65,65,"Oct 21, 2005",Doom," $70,000,000"
66,66,"Jan 27, 2016",The Finest Hours," $70,000,000"
67,67,"Oct 10, 2013",Escape Plan," $70,000,000"
68,68,"Sep 23, 2011",Killer Elite," $70,000,000"
69,69,"Jan 16, 1998",Hard Rain," $70,000,000"
70,70,"Feb 15, 2002",Hart's War," $70,000,000"
71,71,"Feb 8, 2002",Rollerball," $70,000,000"
72,72,"Jan 10, 2014",The Legend of Hercules," $70,000,000"
73,73,"Apr 27, 2007",Next," $70,000,000"
74,74,"Sep 20, 2002",Ballistic: Ecks vs. Sever," $70,000,000"
75,75,"Aug 10, 2001",Osmosis Jones," $70,000,000"
76,76,"May 9, 2014",Legends of Oz: Dorothyâs Return," $70,000,000"
77,77,"Jan 16, 2015",Blackhat," $70,000,000"
78,78,"Mar 31, 2006",Basic Instinct 2," $70,000,000"
79,79,"May 28, 2010",Agora," $70,000,000"
80,80,"Jul 9, 2010",Despicable Me," $69,000,000"
81,81,"Jul 30, 2010",Dinner for Schmucks," $69,000,000"
82,82,"Feb 28, 2018",Red Sparrow," $69,000,000"
83,83,"Jun 30, 2010",The Twilight Saga: Eclipse," $68,000,000"
84,84,"May 31, 2002",The Sum of All Fears," $68,000,000"
85,85,"Jun 25, 2015",Ted 2," $68,000,000"
86,86,"Jul 13, 2001",The Score," $68,000,000"
87,87,"Feb 25, 2011",Hall Pass," $68,000,000"
88,88,"Nov 22, 1995",Money Train," $68,000,000"
89,89,"Mar 21, 2003",Dreamcatcher," $68,000,000"
90,90,"Aug 6, 1999",Mystery Men," $68,000,000"
91,91,"Nov 5, 1999",The Insider," $68,000,000"
92,92,"Dec 22, 2017",Downsizing," $68,000,000"
93,93,"Mar 1, 2012",Doctor Seuss' The Lorax," $67,500,000"
94,94,"Oct 10, 2008",Body of Lies," $67,500,000"
95,95,"Jun 20, 2012",Abraham Lincoln: Vampire Hunter," $67,500,000"
96,96,"Sep 20, 1996",Last Man Standing," $67,000,000"
97,97,"Aug 17, 2007",The Last Legion," $67,000,000"
98,98,"Apr 30, 1999",Entrapment," $66,000,000"
99,99,"Jun 19, 1998",The X Files: Fight the Future," $66,000,000"
0,0,"Mar 13, 2014",Need for Speed," $66,000,000"
1,1,"Jul 24, 1998",Saving Private Ryan," $65,000,000"
2,2,"Dec 15, 2000",What Women Want," $65,000,000"
3,3,"Nov 9, 2012",Lincoln," $65,000,000"
4,4,"Mar 15, 2002",Ice Age," $65,000,000"
5,5,"Jun 30, 1995",Apollo 13," $65,000,000"
6,6,"Mar 31, 1999",The Matrix," $65,000,000"
7,7,"Jun 22, 2018",Hotel Transylvania 3: Summer Vacation," $65,000,000"
8,8,"Dec 19, 2012",Les MisÃ©rables," $65,000,000"
9,9,"Nov 1, 2002",The Santa Clause 2," $65,000,000"
10,10,"Jun 1, 1990",Total Recall," $65,000,000"
11,11,"Dec 18, 1998",You've Got Mail," $65,000,000"
12,12,"Dec 25, 2014",Unbroken," $65,000,000"
13,13,"May 21, 2015",Spy!," $65,000,000"
14,14,"Nov 5, 2010",Due Date," $65,000,000"
15,15,"Jul 25, 2008",Step Brothers," $65,000,000"
16,16,"Dec 15, 1995",Jumanji," $65,000,000"
17,17,"Jul 17, 1998",The Mask of Zorro," $65,000,000"
18,18,"Aug 4, 2000",Space Cowboys," $65,000,000"
19,19,"Dec 18, 2014",Annie," $65,000,000"
20,20,"May 28, 1993",Cliffhanger," $65,000,000"
21,21,"Aug 10, 2016",Peteâs Dragon," $65,000,000"
22,22,"Feb 9, 1996",Broken Arrow," $65,000,000"
23,23,"Aug 9, 2006",World Trade Center," $65,000,000"
24,24,"Jul 7, 2000",The Kid," $65,000,000"
25,25,"Dec 19, 2003",Mona Lisa Smile," $65,000,000"
26,26,"May 16, 2012",The Dictator," $65,000,000"
27,27,"Jul 16, 1999",Eyes Wide Shut," $65,000,000"
28,28,"Feb 16, 2012",This Means War," $65,000,000"
29,29,"Feb 26, 2015",Focus," $65,000,000"
30,30,"Dec 8, 2004",Blade: Trinity," $65,000,000"
31,31,"Nov 21, 2012",Red Dawn," $65,000,000"
32,32,"Dec 22, 2006",We Are Marshall," $65,000,000"
33,33,"Aug 17, 2015",Everest," $65,000,000"
34,34,"Sep 12, 2012",Resident Evil: Retribution," $65,000,000"
35,35,"Aug 2, 2019",The Angry Birds Movie 2," $65,000,000"
36,36,"Mar 20, 1998",Primary Colors," $65,000,000"
37,37,"Oct 15, 1999",Fight Club," $65,000,000"
38,38,"Aug 22, 2008",Death Race," $65,000,000"
39,39,"Oct 11, 1996",The Long Kiss Goodnight," $65,000,000"
40,40,"Dec 8, 2000",Proof of Life," $65,000,000"
41,41,"Nov 11, 2005",Zathura," $65,000,000"
42,42,"Nov 26, 2003",The Missing," $65,000,000"
43,43,"Jan 14, 2005",Elektra," $65,000,000"
44,44,"Oct 23, 2009",Astro Boy," $65,000,000"
45,45,"Jan 24, 2014","I, Frankenstein"," $65,000,000"
46,46,"Nov 29, 2019",Underwater," $65,000,000"
47,47,"May 24, 1991",Hudson Hawk," $65,000,000"
48,48,"Aug 22, 2014",Sin City: A Dame to Kill For," $65,000,000"
49,49,"Dec 25, 2016",Live by Night," $65,000,000"
50,50,"Oct 27, 2000",Lucky Numbers," $65,000,000"
51,51,"Sep 23, 2005",Oliver Twist," $65,000,000"
52,52,"Feb 18, 2015",Tian jiang xiong shi," $65,000,000"
53,53,"Oct 26, 2018",Air Strike," $65,000,000"
54,54,"Jul 14, 2006",Little Man," $64,000,000"
55,55,"Oct 8, 1999",Random Hearts," $64,000,000"
56,56,"Dec 27, 2006",Perfume: The Story of a Murderer," $63,700,000"
57,57,"Jun 11, 1993",Jurassic Park," $63,000,000"
58,58,"Jul 25, 2002",Austin Powers in Goldmember," $63,000,000"
59,59,"Apr 1, 2011",Hop," $63,000,000"
60,60,"Sep 14, 2017",American Assassin," $63,000,000"
61,61,"Jun 24, 1994",Wyatt Earp," $63,000,000"
62,62,"Aug 3, 1994",Clear and Present Danger," $62,000,000"
63,63,"Apr 21, 2000",U-571," $62,000,000"
64,64,"Nov 17, 1995",The American President," $62,000,000"
65,65,"Dec 25, 2015",The Hateful Eight," $62,000,000"
66,66,"Jun 20, 2008",The Love Guru," $62,000,000"
67,67,"Feb 23, 2001",3000 Miles to Graceland," $62,000,000"
68,68,"Oct 3, 2014",Gone Girl," $61,000,000"
69,69,"Mar 30, 2007",Blades of Glory," $61,000,000"
70,70,"Sep 9, 2015",Maze Runner: The Scorch Trials," $61,000,000"
71,71,"Aug 2, 2013",2 Guns," $61,000,000"
72,72,"Jan 17, 2018",Maze Runner: The Death Cure," $61,000,000"
73,73,"Jan 9, 2019",A Dogâs Way Home," $61,000,000"
74,74,"Feb 7, 2016",Mei Ren Yu," $60,720,000"
75,75,"Dec 22, 2004",Meet the Fockers," $60,000,000"
76,76,"Feb 6, 2014",The Lego Movie," $60,000,000"
77,77,"Mar 9, 2007",300," $60,000,000"
78,78,"Mar 2, 2007",Wild Hogs," $60,000,000"
79,79,"Dec 25, 2008",Marley & Me," $60,000,000"
80,80,"Dec 10, 1999",The Green Mile," $60,000,000"
81,81,"Jun 5, 1998",The Truman Show," $60,000,000"
82,82,"Sep 8, 2016",Sully," $60,000,000"
83,83,"Jun 14, 2002",The Bourne Identity," $60,000,000"
84,84,"Oct 8, 2009",Couples Retreat," $60,000,000"
85,85,"Nov 17, 1995",Goldeneye," $60,000,000"
86,86,"May 30, 2003",The Italian Job," $60,000,000"
87,87,"May 9, 2003",Daddy Day Care," $60,000,000"
88,88,"Jun 18, 1999",The General's Daughter," $60,000,000"
89,89,"Dec 18, 1998",The Prince of Egypt," $60,000,000"
90,90,"Aug 6, 2004",Collateral," $60,000,000"
91,91,"Jul 4, 2001",Cats & Dogs," $60,000,000"
92,92,"Dec 20, 2002",Two Weeks Notice," $60,000,000"
93,93,"Oct 2, 1998",Antz," $60,000,000"
94,94,"Apr 19, 2002",The Scorpion King," $60,000,000"
95,95,"Oct 15, 2010",Red," $60,000,000"
96,96,"Mar 5, 2004",Starsky & Hutch," $60,000,000"
97,97,"Jun 27, 1990",Days of Thunder," $60,000,000"
98,98,"Dec 21, 2005",Cheaper by the Dozen 2," $60,000,000"
99,99,"Aug 13, 2010",Eat Pray Love," $60,000,000"
0,0,"Dec 20, 2012",Jack Reacher," $60,000,000"
1,1,"Apr 23, 2004",Man on Fire," $60,000,000"
2,2,"Dec 22, 2000",The Family Man," $60,000,000"
3,3,"Sep 9, 2011",Contagion," $60,000,000"
4,4,"Dec 22, 1999",Any Given Sunday," $60,000,000"
5,5,"May 15, 1998",The Horse Whisperer," $60,000,000"
6,6,"Feb 6, 2009",Coraline," $60,000,000"
7,7,"Oct 1, 2004",Ladder 49," $60,000,000"
8,8,"Jul 28, 1999",Deep Blue Sea," $60,000,000"
9,9,"Oct 28, 2009",Michael Jackson's This Is It," $60,000,000"
10,10,"Jan 17, 2003",Kangaroo Jack," $60,000,000"
11,11,"Jun 13, 2008",The Happening," $60,000,000"
12,12,"Mar 2, 2016",London Has Fallen," $60,000,000"
13,13,"Apr 7, 2000",Rules of Engagement," $60,000,000"
14,14,"Mar 10, 2006",The Shaggy Dog," $60,000,000"
15,15,"Nov 22, 1996",Jingle All the Way," $60,000,000"
16,16,"Apr 2, 2004",Hellboy," $60,000,000"
17,17,"Oct 20, 2016",Jack Reacher: Never Go Back," $60,000,000"
18,18,"May 25, 2017",Baywatch," $60,000,000"
19,19,"Mar 6, 1998",U.S. Marshals," $60,000,000"
20,20,"Dec 25, 1998",A Civil Action," $60,000,000"
21,21,"Dec 24, 2015",Joy," $60,000,000"
22,22,"Aug 3, 2012",ParaNorman," $60,000,000"
23,23,"Nov 14, 1997",The Jackal," $60,000,000"
24,24,"Dec 25, 2003",Paycheck," $60,000,000"
25,25,"Mar 1, 1996",Up Close & Personal," $60,000,000"
26,26,"Dec 19, 2008",The Tale of Despereaux," $60,000,000"
27,27,"Sep 19, 2014",The Boxtrolls," $60,000,000"
28,28,"Aug 2, 2017",The Dark Tower," $60,000,000"
29,29,"Sep 27, 2002",The Tuxedo," $60,000,000"
30,30,"Jan 17, 2014",Jack Ryan: Shadow Recruit," $60,000,000"
31,31,"Jul 14, 1995",Under Siege 2: Dark Territory," $60,000,000"
32,32,"Mar 24, 2005",Miss Congeniality 2: Armed and Fabulous," $60,000,000"
33,33,"Dec 21, 2018",Vice," $60,000,000"
34,34,"Nov 26, 1997",Alien: Resurrection," $60,000,000"
35,35,"Mar 23, 2007",Shooter," $60,000,000"
36,36,"Oct 16, 1998",Practical Magic," $60,000,000"
37,37,"Jan 9, 2013",Gangster Squad," $60,000,000"
38,38,"Mar 24, 2017",Smurfs: The Lost Village," $60,000,000"
39,39,"Oct 10, 2018",First Man," $60,000,000"
40,40,"Jun 19, 2009",Year One," $60,000,000"
41,41,"Jan 29, 2010",Edge of Darkness," $60,000,000"
42,42,"Dec 13, 2002",Star Trek: Nemesis," $60,000,000"
43,43,"Feb 19, 2002",Reign of Fire," $60,000,000"
44,44,"Nov 20, 2009",Planet 51," $60,000,000"
45,45,"Mar 20, 2009",Duplicity," $60,000,000"
46,46,"Sep 12, 2008",Righteous Kill," $60,000,000"
47,47,"Dec 11, 2009",Invictus," $60,000,000"
48,48,"Apr 17, 2009",State of Play," $60,000,000"
49,49,"Feb 12, 1999",My Favorite Martian," $60,000,000"
50,50,"Apr 21, 2006",The Sentinel," $60,000,000"
51,51,"Sep 21, 2012",Trouble with the Curve," $60,000,000"
52,52,"Oct 10, 2003",Intolerable Cruelty," $60,000,000"
53,53,"Jan 10, 1997",The Relic," $60,000,000"
54,54,"Apr 3, 1998",Mercury Rising," $60,000,000"
55,55,"Sep 15, 2000",Almost Famous," $60,000,000"
56,56,"Feb 7, 2019",Cold Pursuit," $60,000,000"
57,57,"Dec 6, 2002",Analyze That," $60,000,000"
58,58,"Apr 24, 2009",The Soloist," $60,000,000"
59,59,"Aug 21, 2013",The Mortal Instruments: City of Bones," $60,000,000"
60,60,"Nov 3, 2000",The Legend of Bagger Vance," $60,000,000"
61,61,"Feb 22, 2002",Dragonfly," $60,000,000"
62,62,"May 13, 2011",Priest," $60,000,000"
63,63,"Jun 16, 2006",Garfield: A Tail of Two Kitties," $60,000,000"
64,64,"Apr 29, 2005",XXX: State of the Union," $60,000,000"
65,65,"Aug 15, 1997",Event Horizon," $60,000,000"
66,66,"Jul 2, 2003",Sinbad: Legend of the Seven Seas," $60,000,000"
67,67,"Jul 8, 2005",Dark Water," $60,000,000"
68,68,"Aug 14, 1998",The Avengers," $60,000,000"
69,69,"Sep 15, 2006",The Black Dahlia," $60,000,000"
70,70,"Mar 26, 1999",EDtv," $60,000,000"
71,71,"Dec 25, 2008",The Spirit," $60,000,000"
72,72,"Oct 19, 2001",The Last Castle," $60,000,000"
73,73,"Jan 23, 2009",Inkheart," $60,000,000"
74,74,"Jan 14, 2000",Supernova," $60,000,000"
75,75,"Sep 22, 2006",Flyboys," $60,000,000"
76,76,"Feb 14, 2014",Winterâs Tale," $60,000,000"
77,77,"Oct 9, 1998",Holy Man," $60,000,000"
78,78,"Jul 11, 2008",Meet Dave," $60,000,000"
79,79,"Aug 12, 2005",The Great Raid," $60,000,000"
80,80,"Jul 2, 2016",Rock Dog," $60,000,000"
81,81,"Jan 21, 2015",Mortdecai," $60,000,000"
82,82,"Jan 11, 2008",In the Name of the King: A Dungeon Siege Tale," $60,000,000"
83,83,"Oct 24, 2003",Beyond Borders," $60,000,000"
84,84,"Feb 4, 2016",Xi You Ji zhi Sun Wu Kong San Da Bai Gu Jing," $60,000,000"
85,85,"Dec 11, 2015",The Ridiculous 6," $60,000,000"
86,86,"Mar 15, 2018",Sherlock Gnomes," $59,000,000"
87,87,"Jan 18, 2019",The Kid Who Would Be King," $59,000,000"
88,88,"Feb 9, 2016",Deadpool," $58,000,000"
89,89,"Dec 25, 2014",American Sniper," $58,000,000"
90,90,"Oct 14, 2015",Goosebumps," $58,000,000"
91,91,"May 25, 1988",Rambo III," $58,000,000"
92,92,"Dec 15, 1995",Sabrina," $58,000,000"
93,93,"Jan 20, 2012",Red Tails," $58,000,000"
94,94,"Sep 16, 2005",Just Like Heaven," $58,000,000"
95,95,"Jun 7, 2013",The Internship," $58,000,000"
96,96,"Apr 28, 2000",The Flintstones in Viva Rock Vegas," $58,000,000"
97,97,"Apr 4, 2008",Leatherheads," $58,000,000"
98,98,"Mar 22, 2017",Life," $58,000,000"
99,99,"Dec 18, 2009",Did You Hear About the Morgans?," $58,000,000"
0,0,"Dec 12, 2008","Che, Part 1: The Argentine"," $58,000,000"
1,1,"May 30, 2008",Sex and the City," $57,500,000"
2,2,"Sep 10, 2010",Resident Evil: Afterlife," $57,500,000"
3,3,"Jun 13, 2012",That's My Boy," $57,500,000"
4,4,"Oct 17, 1997",Devil's Advocate," $57,000,000"
5,5,"Feb 17, 2012",Ghost Rider: Spirit of Vengeance," $57,000,000"
6,6,"May 31, 1996",Dragonheart," $57,000,000"
7,7,"Nov 12, 2004",After the Sunset," $57,000,000"
8,8,"Aug 17, 2001",Captain Corelli's Mandolin," $57,000,000"
9,9,"Dec 25, 2014",Into the Woods," $56,200,000"
10,10,"Apr 11, 2003",Anger Management," $56,000,000"
11,11,"Mar 4, 2005",The Pacifier," $56,000,000"
12,12,"Apr 2, 2004",Walking Tall," $56,000,000"
13,13,"Jul 12, 2015",Zhuo yao ji," $56,000,000"
14,14,"Oct 2, 2019",Joker," $55,000,000"
15,15,"Jul 6, 1994",Forrest Gump," $55,000,000"
16,16,"Dec 14, 2007",Alvin and the Chipmunks," $55,000,000"
17,17,"Oct 26, 2018",Bohemian Rhapsody," $55,000,000"
18,18,"Feb 11, 2005",Hitch," $55,000,000"
19,19,"Oct 6, 2000",Meet the Parents," $55,000,000"
20,20,"Dec 15, 2006",The Pursuit of Happyness," $55,000,000"
21,21,"Jun 10, 1995",Pocahontas," $55,000,000"
22,22,"Dec 15, 1978",Superman," $55,000,000"
23,23,"Jun 28, 1996",The Nutty Professor," $55,000,000"
24,24,"Feb 8, 2017",Fifty Shades Darker," $55,000,000"
25,25,"Oct 11, 2013",Captain Phillips," $55,000,000"
26,26,"Jul 16, 1997",George Of The Jungle," $55,000,000"
27,27,"Aug 1, 2003",American Wedding," $55,000,000"
28,28,"Nov 3, 2017",Murder on the Orient Express," $55,000,000"
29,29,"Sep 26, 2014",The Equalizer," $55,000,000"
30,30,"Feb 7, 2018",Fifty Shades Freed," $55,000,000"
31,31,"May 26, 1995",Casper," $55,000,000"
32,32,"Apr 9, 2010",Date Night," $55,000,000"
33,33,"Dec 13, 2002",Maid in Manhattan," $55,000,000"
34,34,"May 12, 1995",Crimson Tide," $55,000,000"
35,35,"Sep 23, 2005",Flightplan," $55,000,000"
36,36,"Dec 9, 1994",Disclosure," $55,000,000"
37,37,"Apr 10, 1998",City of Angels," $55,000,000"
38,38,"Nov 28, 2014",Paddington," $55,000,000"
39,39,"Apr 28, 2006",R.V.," $55,000,000"
40,40,"Oct 28, 1994",Stargate," $55,000,000"
41,41,"Oct 10, 2003",Kill Bill: Volume 1," $55,000,000"
42,42,"Jun 17, 2011",Mr. Poppers's Penguins," $55,000,000"
43,43,"Aug 13, 1999",Bowfinger," $55,000,000"
44,44,"Apr 16, 2004",Kill Bill: Volume 2," $55,000,000"
45,45,"Dec 22, 1989",Tango & Cash," $55,000,000"
46,46,"Jul 31, 1992",Death Becomes Her," $55,000,000"
47,47,"May 26, 2000",Shanghai Noon," $55,000,000"
48,48,"Mar 15, 1996",Executive Decision," $55,000,000"
49,49,"Oct 31, 2013",Free Birds," $55,000,000"
50,50,"May 22, 1992",Alien 3," $55,000,000"
51,51,"Apr 18, 2008",The Forbidden Kingdom," $55,000,000"
52,52,"Dec 8, 2004",The Phantom of the Opera," $55,000,000"
53,53,"Mar 21, 2014",Muppets Most Wanted," $55,000,000"
54,54,"Dec 25, 1996",Evita," $55,000,000"
55,55,"Aug 18, 2016",Kubo and the Two Strings," $55,000,000"
56,56,"Sep 25, 1998",Ronin," $55,000,000"
57,57,"Nov 24, 2010",Burlesque," $55,000,000"
58,58,"Oct 11, 1996",The Ghost and the Darkness," $55,000,000"
59,59,"Oct 24, 2008",Changeling," $55,000,000"
60,60,"Jul 27, 2012",The Watch," $55,000,000"
61,61,"Mar 14, 2003",The Hunted," $55,000,000"
62,62,"Jun 4, 1999",Instinct," $55,000,000"
63,63,"Dec 12, 2003",Stuck On You," $55,000,000"
64,64,"Feb 29, 2008",Semi-Pro," $55,000,000"
65,65,"Feb 23, 2018",Annihilation," $55,000,000"
66,66,"Oct 14, 2015",Crimson Peak," $55,000,000"
67,67,"Mar 28, 2012",The Pirates! Band of Misfits," $55,000,000"
68,68,"Dec 2, 2005",Aeon Flux," $55,000,000"
69,69,"Aug 2, 1996",Chain Reaction," $55,000,000"
70,70,"Aug 16, 1996",The Fan," $55,000,000"
71,71,"Oct 12, 2007",Elizabeth: The Golden Age," $55,000,000"
72,72,"Jun 12, 2009",Imagine That," $55,000,000"
73,73,"Feb 21, 2003",Gods and Generals," $55,000,000"
74,74,"Jan 10, 1997",Turbulence," $55,000,000"
75,75,"Jan 31, 2013",Bullet to the Head," $55,000,000"
76,76,"Sep 22, 2006",All the King's Men," $55,000,000"
77,77,"Jul 30, 2004",Thunderbirds," $55,000,000"
78,78,"Nov 26, 2004",Un long dimanche de fianÃ§ailles," $55,000,000"
79,79,"May 4, 2007",Lucky You," $55,000,000"
80,80,"Jul 22, 1998",Lolita," $55,000,000"
81,81,"Sep 20, 2002",Eye See You," $55,000,000"
82,82,"Jun 19, 1981",Superman II," $54,000,000"
83,83,"Mar 22, 2002",Blade 2," $54,000,000"
84,84,"Jul 14, 2006","You, Me and Dupree"," $54,000,000"
85,85,"Dec 19, 2008",Seven Pounds," $54,000,000"
86,86,"Dec 25, 1990",The Godfather: Part III," $54,000,000"
87,87,"Oct 14, 2005",Elizabethtown," $54,000,000"
88,88,"Aug 1, 2003",Gigli," $54,000,000"
89,89,"Jun 16, 2000",Shaft," $53,012,938"
90,90,"Aug 5, 2005",The Dukes of Hazzard," $53,000,000"
91,91,"Oct 16, 2009",Law Abiding Citizen," $53,000,000"
92,92,"Sep 17, 2015",Black Mass," $53,000,000"
93,93,"Nov 14, 1997",Anastasia," $53,000,000"
94,94,"May 18, 2001",Moulin Rouge," $53,000,000"
95,95,"Nov 2, 2001",Domestic Disturbance," $53,000,000"
96,96,"Oct 20, 2006",Flags of Our Fathers," $53,000,000"
97,97,"Apr 6, 2007",Grindhouse," $53,000,000"
98,98,"Oct 16, 1998",Beloved," $53,000,000"
99,99,"Dec 19, 2012",Zero Dark Thirty," $52,500,000"
0,0,"Dec 25, 2002",Catch Me if You Can," $52,000,000"
1,1,"Jul 2, 2008",Mamma Mia!," $52,000,000"
2,2,"Jun 2, 2006",The Break-Up," $52,000,000"
3,3,"Feb 12, 2010",Valentine's Day," $52,000,000"
4,4,"Nov 22, 1995",Casino," $52,000,000"
5,5,"Aug 5, 2011",The Change-Up," $52,000,000"
6,6,"Dec 23, 1998",The Thin Red Line," $52,000,000"
7,7,"Dec 22, 1999",Man on the Moon," $52,000,000"
8,8,"Feb 5, 2010",From Paris With Love," $52,000,000"
9,9,"Apr 16, 2003",Bulletproof Monk," $52,000,000"
10,10,"Jun 23, 2000","Me, Myself & Irene"," $51,000,000"
11,11,"Aug 4, 2006",Barnyard: The Original Party Animals," $51,000,000"
12,12,"Aug 15, 2018",Alpha," $51,000,000"
13,13,"Nov 22, 2006",Deck the Halls," $51,000,000"
14,14,"Mar 4, 2011",The Adjustment Bureau," $50,200,000"
15,15,"Nov 19, 2009",The Twilight Saga: New Moon," $50,000,000"
16,16,"May 18, 2001",Shrek," $50,000,000"
17,17,"Jun 29, 2012",Ted," $50,000,000"
18,18,"Jun 5, 2014",22 Jump Street," $50,000,000"
19,19,"Jun 14, 1991",Robin Hood: Prince of Thieves," $50,000,000"
20,20,"Dec 13, 1996",Jerry Maguire," $50,000,000"
21,21,"Dec 25, 2015",Daddyâs Home," $50,000,000"
22,22,"Dec 24, 1997",As Good as it Gets," $50,000,000"
23,23,"Dec 25, 1998",Patch Adams," $50,000,000"
24,24,"Jun 16, 2016",Central Intelligence," $50,000,000"
25,25,"Dec 18, 2013",Anchorman 2: The Legend Continues," $50,000,000"
26,26,"Jun 10, 2011",Super 8," $50,000,000"
27,27,"Jun 28, 2002",Mr. Deeds," $50,000,000"
28,28,"Mar 17, 2000",Erin Brockovich," $50,000,000"
29,29,"Nov 21, 2018",Creed II," $50,000,000"
30,30,"Feb 8, 2018",Peter Rabbit," $50,000,000"
31,31,"Feb 7, 2003",How to Lose a Guy in 10 Days," $50,000,000"
32,32,"Nov 11, 1994",Interview with the Vampire: The Vampire Chronicles," $50,000,000"
33,33,"Dec 14, 2018",The Mule," $50,000,000"
34,34,"Dec 19, 2008",Yes Man," $50,000,000"
35,35,"Feb 28, 2014",Non-Stop," $50,000,000"
36,36,"Dec 25, 1998",Stepmom," $50,000,000"
37,37,"Aug 9, 2013",Disney Planes," $50,000,000"
38,38,"Mar 10, 2006",Failure to Launch," $50,000,000"
39,39,"Mar 24, 2006",Inside Man," $50,000,000"
40,40,"Jul 26, 2017",The Emoji Movie," $50,000,000"
41,41,"Jul 29, 2011","Crazy, Stupid, Love"," $50,000,000"
42,42,"Dec 22, 2017",The Post," $50,000,000"
43,43,"Feb 5, 1999",Payback," $50,000,000"
44,44,"Jun 9, 1995",Congo," $50,000,000"
45,45,"Mar 20, 2009",Knowing," $50,000,000"
46,46,"Mar 18, 2005",The Ring Two," $50,000,000"
47,47,"Dec 23, 2011",We Bought a Zoo," $50,000,000"
48,48,"Sep 23, 2011",Moneyball," $50,000,000"
49,49,"Jun 11, 2004",Garfield: The Movie," $50,000,000"
50,50,"Nov 24, 2004",Christmas with the Kranks," $50,000,000"
51,51,"Mar 17, 2006",V for Vendetta," $50,000,000"
52,52,"Mar 10, 1995",Outbreak," $50,000,000"
53,53,"Mar 13, 2009",Race to Witch Mountain," $50,000,000"
54,54,"Sep 24, 2004",The Forgotten," $50,000,000"
55,55,"Jun 22, 2005",Herbie: Fully Loaded," $50,000,000"
56,56,"Feb 7, 2003",Shanghai Knights," $50,000,000"
57,57,"Jul 17, 2014",Planes: Fire and Rescue," $50,000,000"
58,58,"Feb 10, 2006",Curious George," $50,000,000"
59,59,"Apr 4, 2012",American Reunion," $50,000,000"
60,60,"Jan 25, 2013",Hansel & Gretel: Witch Hunters," $50,000,000"
61,61,"Feb 18, 2011",I am Number Four," $50,000,000"
62,62,"Sep 28, 2001",Donât Say a Word," $50,000,000"
63,63,"Jan 15, 2016",13 Hours: The Secret Soldiers of Benghazi," $50,000,000"
64,64,"May 8, 2002",Unfaithful," $50,000,000"
65,65,"Aug 23, 2017",American Made," $50,000,000"
66,66,"Nov 23, 2005",Syriana," $50,000,000"
67,67,"Sep 10, 2004",Resident Evil: Apocalypse," $50,000,000"
68,68,"Oct 17, 2014",The Book of Life," $50,000,000"
69,69,"Feb 14, 1997",Absolute Power," $50,000,000"
70,70,"Feb 10, 2006",Firewall," $50,000,000"
71,71,"Sep 12, 1997",The Game," $50,000,000"
72,72,"Aug 22, 1997",G.I. Jane," $50,000,000"
73,73,"Aug 8, 2014",Into the Storm," $50,000,000"
74,74,"Oct 10, 2014",The Judge," $50,000,000"
75,75,"Apr 21, 2006",Silent Hill," $50,000,000"
76,76,"Sep 19, 2019",Rambo: Last Blood," $50,000,000"
77,77,"Aug 11, 2000",The Replacements," $50,000,000"
78,78,"Jul 29, 1998",The Negotiator," $50,000,000"
79,79,"Aug 19, 2016",War Dogs," $50,000,000"
80,80,"May 25, 1994",Beverly Hills Cop III," $50,000,000"
81,81,"Jun 15, 1990",Gremlins 2: The New Batch," $50,000,000"
82,82,"Sep 26, 1997",The Peacemaker," $50,000,000"
83,83,"Oct 3, 2003",Out of Time," $50,000,000"
84,84,"Nov 12, 2004",Bridget Jones: The Edge Of Reason," $50,000,000"
85,85,"Feb 11, 2000",The Beach," $50,000,000"
86,86,"Jun 10, 2005",The Adventures of Sharkboy and Lavagirl in 3-D," $50,000,000"
87,87,"Feb 18, 1994",On Deadly Ground," $50,000,000"
88,88,"Nov 25, 2009",Ninja Assassin," $50,000,000"
89,89,"May 28, 2004",Raising Helen," $50,000,000"
90,90,"May 19, 2016",The Nice Guys," $50,000,000"
91,91,"Sep 17, 1999",For Love of the Game," $50,000,000"
92,92,"Dec 11, 1998",Jack Frost," $50,000,000"
93,93,"Jun 4, 2010",Marmaduke," $50,000,000"
94,94,"Jun 28, 1996",Striptease," $50,000,000"
95,95,"Oct 15, 2010",Hereafter," $50,000,000"
96,96,"Apr 19, 2002",Murder by Numbers," $50,000,000"
97,97,"Oct 6, 1995",Assassins," $50,000,000"
98,98,"Dec 22, 2017",Hostiles," $50,000,000"
99,99,"Feb 5, 2016",Zoolander 2," $50,000,000"
0,0,"Jan 16, 2009",Defiance," $50,000,000"
1,1,"Feb 9, 2007",Hannibal Rising," $50,000,000"
2,2,"Oct 15, 1999",The Story of Us," $50,000,000"
3,3,"Mar 22, 2013",The Host," $50,000,000"
4,4,"Mar 28, 2003",Basic," $50,000,000"
5,5,"Mar 11, 2015",Run All Night," $50,000,000"
6,6,"Aug 9, 2002",Blood Work," $50,000,000"
7,7,"Feb 13, 2009",The International," $50,000,000"
8,8,"Aug 9, 1996",Escape from L.A.," $50,000,000"
9,9,"Feb 27, 2004",Twisted," $50,000,000"
10,10,"Dec 25, 2017",All the Money in the World," $50,000,000"
11,11,"Dec 10, 2004",The Life Aquatic with Steve Zissou," $50,000,000"
12,12,"Aug 4, 1999",The Iron Giant," $50,000,000"
13,13,"Apr 10, 2019",Hellboy," $50,000,000"
14,14,"Apr 8, 2011",Your Highness," $50,000,000"
15,15,"Dec 30, 2015",Snowden," $50,000,000"
16,16,"Sep 30, 2011",Dream House," $50,000,000"
17,17,"Jun 24, 2016",Free State of Jones," $50,000,000"
18,18,"Sep 4, 2009",Gamer," $50,000,000"
19,19,"Feb 25, 2005",Man of the House," $50,000,000"
20,20,"Feb 21, 2003",The Life of David Gale," $50,000,000"
21,21,"Feb 14, 2013",Beautiful Creatures," $50,000,000"
22,22,"Sep 30, 2005",Into the Blue," $50,000,000"
23,23,"Sep 14, 2007",Eastern Promises," $50,000,000"
24,24,"Jul 1, 1994",Baby's Day Out," $50,000,000"
25,25,"Nov 12, 1999",The Messenger: The Story of Joan of Arc," $50,000,000"
26,26,"Nov 3, 1995",Fair Game," $50,000,000"
27,27,"Feb 25, 2011",Drive Angry," $50,000,000"
28,28,"Nov 7, 1997",Mad City," $50,000,000"
29,29,"Oct 13, 1995",The Scarlet Letter," $50,000,000"
30,30,"Oct 14, 2005",Domino," $50,000,000"
31,31,"Oct 13, 1995",Jade," $50,000,000"
32,32,"Feb 27, 2009",Street Fighter: The Legend of Chun-Li," $50,000,000"
33,33,"Mar 29, 2002",Death to Smoochy," $50,000,000"
34,34,"Jan 26, 2018",Early Man," $50,000,000"
35,35,"Nov 13, 2009",The Boat That Rocked," $50,000,000"
36,36,"Jan 30, 2004",The Big Bounce," $50,000,000"
37,37,"Mar 3, 2000",What Planet Are You From?," $50,000,000"
38,38,"Feb 1, 2019",Liu Lang Di Qiu," $50,000,000"
39,39,"Nov 1, 2019",Arctic Dogs," $50,000,000"
40,40,"Jan 31, 2020",The Rhythm Section," $50,000,000"
41,41,"Apr 17, 2015",Child 44," $50,000,000"
42,42,"Jan 23, 2009",Outlander," $50,000,000"
43,43,"Aug 23, 2012",Upside Down," $50,000,000"
44,44,"Sep 7, 2012",Shanghai," $50,000,000"
45,45,Unknown,Hannibal the Conqueror," $50,000,000"
46,46,"Aug 8, 2019",Dora and the Lost City of Gold," $49,000,000"
47,47,"Nov 2, 2001",The One," $49,000,000"
48,48,"Mar 4, 2015",Chappie," $49,000,000"
49,49,"Jul 11, 1990",The Adventures of Ford Fairlane," $49,000,000"
50,50,"Sep 7, 2012",Anna Karenina," $49,000,000"
51,51,"May 24, 1989",Indiana Jones and the Last Crusade," $48,000,000"
52,52,"Oct 18, 2002",The Ring," $48,000,000"
53,53,"Dec 27, 2000",Traffic," $48,000,000"
54,54,"Mar 29, 2002",Panic Room," $48,000,000"
55,55,"Jan 2, 2015",Taken 3," $48,000,000"
56,56,"Oct 9, 2019",Zombieland: Double Tap," $48,000,000"
57,57,"Aug 6, 1999",The Thomas Crown Affair," $48,000,000"
58,58,"Nov 16, 2018",Instant Family," $48,000,000"
59,59,"Nov 5, 1999",The Bone Collector," $48,000,000"
60,60,"Oct 1, 1999",Three Kings," $48,000,000"
61,61,"Jan 22, 2010",Tooth Fairy," $48,000,000"
62,62,"Aug 17, 2001",Rat Race," $48,000,000"
63,63,"Sep 7, 2007",3:10 to Yuma," $48,000,000"
64,64,"Aug 13, 2001",K-PAX," $48,000,000"
65,65,"Dec 25, 2001",Kate and Leopold," $48,000,000"
66,66,"Oct 20, 2000",Bedazzled," $48,000,000"
67,67,"Jun 26, 1998",Out of Sight," $48,000,000"
68,68,"Dec 14, 1984",The Cotton Club," $48,000,000"
69,69,"Nov 13, 2019",Charlieâs Angels," $48,000,000"
70,70,"Jan 25, 2008",Rambo," $47,500,000"
71,71,"Jul 13, 2016",The Infiltrator," $47,500,000"
72,72,"Jun 15, 1990",Dick Tracy," $47,000,000"
73,73,"Nov 9, 2016",Arrival," $47,000,000"
74,74,"Jun 14, 1996",The Cable Guy," $47,000,000"
75,75,"Nov 19, 1993",Addams Family Values," $47,000,000"
76,76,"Apr 22, 2009",Earth," $47,000,000"
77,77,"Oct 19, 2001",Riding in Cars with Boys," $47,000,000"
78,78,"Jan 5, 2007",Happily N'Ever After," $47,000,000"
79,79,"Nov 27, 2002",Solaris," $47,000,000"
80,80,"Jun 18, 2010",Jonah Hex," $47,000,000"
81,81,"Feb 23, 1996",Mary Reilly," $47,000,000"
82,82,"Dec 23, 2016",Silence," $46,500,000"
83,83,"Oct 4, 2012",Mr. Nobody," $46,500,000"
84,84,"Jun 20, 1997",My Best Friend's Wedding," $46,000,000"
85,85,"Jul 20, 2001",America's Sweethearts," $46,000,000"
86,86,"Nov 22, 1996",Star Trek: First Contact," $46,000,000"
87,87,"May 24, 2002",Insomnia," $46,000,000"
88,88,"Sep 19, 2013",Prisoners," $46,000,000"
89,89,"Jul 12, 1996",Courage Under Fire," $46,000,000"
90,90,"Sep 17, 1982",Inchon," $46,000,000"
91,91,"Nov 5, 2015",Arthur and the War of Two Worlds," $45,500,000"
92,92,"Mar 21, 1997",Liar Liar," $45,000,000"
93,93,"Nov 20, 1998",A Bug's Life," $45,000,000"
94,94,"Sep 27, 2012",Taken 2," $45,000,000"
95,95,"May 27, 1994",The Flintstones," $45,000,000"
96,96,"Oct 24, 2003",Scary Movie 3," $45,000,000"
97,97,"Dec 22, 2000",Miss Congeniality," $45,000,000"
98,98,"Dec 21, 2017",Pitch Perfect 3," $45,000,000"
99,99,"Jul 11, 2008",Journey to the Center of the Earth," $45,000,000"
0,0,"Dec 17, 1993",The Pelican Brief," $45,000,000"
1,1,"Aug 11, 2004",The Princess Diaries 2: Royal Engagement," $45,000,000"
2,2,"Dec 25, 2007",The Bucket List," $45,000,000"
3,3,"Jul 20, 1994",The Client," $45,000,000"
4,4,"Nov 23, 2011",The Muppets," $45,000,000"
5,5,"Jun 5, 1992",Patriot Games," $45,000,000"
6,6,"May 13, 2005",Monster-in-Law," $45,000,000"
7,7,"Oct 5, 2001",Training Day," $45,000,000"
8,8,"Oct 5, 2016",The Girl on the Train," $45,000,000"
9,9,"Dec 24, 1999",Galaxy Quest," $45,000,000"
10,10,"Jul 4, 2001",Scary Movie 2," $45,000,000"
11,11,"Aug 21, 1998",Blade," $45,000,000"
12,12,"Jan 14, 2005",Coach Carter," $45,000,000"
13,13,"Mar 19, 2010",The Bounty Hunter," $45,000,000"
14,14,"Apr 12, 2002",Changing Lanes," $45,000,000"
15,15,"Apr 11, 1997",Anaconda," $45,000,000"
16,16,"Jan 20, 2006",Underworld: Evolution," $45,000,000"
17,17,"Nov 22, 2019",A Beautiful Day in the Neighborhood," $45,000,000"
18,18,"Aug 4, 2000",Coyote Ugly," $45,000,000"
19,19,"Nov 7, 2003",Love Actually," $45,000,000"
20,20,"Aug 9, 1996",Jack," $45,000,000"
21,21,"Oct 7, 1994",The Specialist," $45,000,000"
22,22,"Dec 8, 2016",Office Christmas Party," $45,000,000"
23,23,"Aug 16, 1996",Tin Cup," $45,000,000"
24,24,"Nov 23, 2005","Yours, Mine and Ours"," $45,000,000"
25,25,"May 13, 2005",Kicking and Screaming," $45,000,000"
26,26,"Apr 29, 2005",The Hitchhiker's Guide to the Galaxy," $45,000,000"
27,27,"Sep 21, 2007",Resident Evil: Extinction," $45,000,000"
28,28,"Dec 25, 2004",Fat Albert," $45,000,000"
29,29,"Jul 6, 2012",Savages," $45,000,000"
30,30,"Sep 30, 1994",The River Wild," $45,000,000"
31,31,"May 22, 2014",Blended," $45,000,000"
32,32,"Jun 15, 2016",All Eyez on Me," $45,000,000"
33,33,"Jan 13, 2006",Last Holiday," $45,000,000"
34,34,"Mar 3, 2006",16 Blocks," $45,000,000"
35,35,"Jul 14, 1995",The Indian in the Cupboard," $45,000,000"
36,36,"Sep 10, 2004",Cellular," $45,000,000"
37,37,"Oct 31, 2019",Doctor Sleep," $45,000,000"
38,38,"Jul 28, 2006",The Ant Bully," $45,000,000"
39,39,"Jul 18, 2003",Johnny English," $45,000,000"
40,40,"Dec 14, 1984",Dune," $45,000,000"
41,41,"Jul 31, 2009",Aliens in the Attic," $45,000,000"
42,42,"Sep 14, 2007",Across the Universe," $45,000,000"
43,43,"Dec 26, 2008",Revolutionary Road," $45,000,000"
44,44,"Aug 29, 2008",Babylon A.D.," $45,000,000"
45,45,"Dec 13, 2019",Richard Jewell," $45,000,000"
46,46,"Nov 4, 1994",Frankenstein," $45,000,000"
47,47,"Oct 4, 1996",The Glimmer Man," $45,000,000"
48,48,"May 1, 2019",UglyDolls," $45,000,000"
49,49,"Jul 17, 1996",Multiplicity," $45,000,000"
50,50,"Jan 19, 2001",The Pledge," $45,000,000"
51,51,"Dec 16, 2005",The Producers: The Movie Musical," $45,000,000"
52,52,"Jun 7, 1996",The Phantom," $45,000,000"
53,53,"Jul 1, 2005",Rebound," $45,000,000"
54,54,"Feb 19, 2010",The Ghost Writer," $45,000,000"
55,55,"Dec 22, 2000",All the Pretty Horses," $45,000,000"
56,56,"Sep 5, 2008",Bangkok Dangerous," $45,000,000"
57,57,"Dec 20, 1995",Nixon," $45,000,000"
58,58,"Sep 7, 2012",Dredd," $45,000,000"
59,59,"Oct 28, 2011",The Rum Diary," $45,000,000"
60,60,"Jan 30, 1998",Deep Rising," $45,000,000"
61,61,"Dec 21, 2018",Welcome to Marwen," $45,000,000"
62,62,"Oct 21, 2011",Johnny English Reborn," $45,000,000"
63,63,"Sep 26, 2008",Miracle at St. Anna," $45,000,000"
64,64,"Apr 5, 2002",Big Trouble," $45,000,000"
65,65,"Dec 21, 2006",Man cheng jin dai huang jin jia," $45,000,000"
66,66,"Nov 16, 2007",Love in the Time of Cholera," $45,000,000"
67,67,"Dec 25, 2002",Pinocchio," $45,000,000"
68,68,"Jan 31, 1997",Shadow Conspiracy," $45,000,000"
69,69,"Jun 16, 2012",Foodfight!," $45,000,000"
70,70,"Oct 11, 2012",Argo," $44,500,000"
71,71,"Aug 6, 1993",The Fugitive," $44,000,000"
72,72,"May 22, 1985",Rambo: First Blood Part II," $44,000,000"
73,73,"Oct 18, 1996",Sleepers," $44,000,000"
74,74,"Jul 30, 2010",Charlie St. Cloud," $44,000,000"
75,75,"Feb 2, 1996",The Juror," $44,000,000"
76,76,"Feb 6, 2014",The Interview," $44,000,000"
77,77,"Nov 19, 1980",Heaven's Gate," $44,000,000"
78,78,"Jun 28, 2013",The Heat," $43,000,000"
79,79,"Dec 19, 2000",Finding Forrester," $43,000,000"
80,80,"Apr 14, 2000",28 Days," $43,000,000"
81,81,"May 13, 2005",Danny the Dog," $43,000,000"
82,82,"Apr 12, 2002",The Sweetest Thing," $43,000,000"
83,83,"Oct 25, 2018",The Girl in the Spiderâs Web," $43,000,000"
84,84,"Oct 7, 2016",A Monster Calls," $43,000,000"
85,85,"Jan 28, 2011",The Mechanic," $42,500,000"
86,86,"Jun 30, 1993",The Firm," $42,000,000"
87,87,"Mar 14, 2012",21 Jump Street," $42,000,000"
88,88,"May 28, 1999",Notting Hill," $42,000,000"
89,89,"Dec 25, 2019",Little Women," $42,000,000"
90,90,"Jun 21, 2000",Chicken Run," $42,000,000"
91,91,"Jan 16, 2004",Along Came Polly," $42,000,000"
92,92,"Jul 1, 1992",Boomerang," $42,000,000"
93,93,"Jul 10, 2009",BrÃ¼no," $42,000,000"
94,94,"Jun 12, 1963",Cleopatra," $42,000,000"
95,95,"May 12, 2017",Snatched," $42,000,000"
96,96,"Oct 10, 2012",Here Comes the Boom," $42,000,000"
97,97,"Apr 5, 2002",High Crimes," $42,000,000"
98,98,"Nov 15, 1996",The Mirror Has Two Faces," $42,000,000"
99,99,"Mar 11, 2011",Red Riding Hood," $42,000,000"
0,0,"Jan 25, 2002",The Mothman Prophecies," $42,000,000"
1,1,"Jul 14, 1989",Licence to Kill," $42,000,000"
2,2,"Dec 20, 2018",Holmes & Watson," $42,000,000"
3,3,"Jan 27, 2012",One for the Money," $42,000,000"
4,4,"Mar 9, 2001",15 Minutes," $42,000,000"
5,5,"Sep 16, 2005",Lord of War," $42,000,000"
6,6,"May 28, 1993",Super Mario Bros.," $42,000,000"
7,7,"Oct 2, 1992",Hero," $42,000,000"
8,8,"Jan 27, 2012",Man on a Ledge," $42,000,000"
9,9,"Dec 3, 2010",The Warrior's Way," $42,000,000"
10,10,"Apr 18, 1997",McHale's Navy," $42,000,000"
11,11,"May 28, 2010",Micmacs," $42,000,000"
12,12,Unknown,Les BronzÃ©s 3: amis pour la vie," $42,000,000"
13,13,"Apr 10, 2015",Pourquoi j'ai pas mangÃ© mon pÃ¨re," $42,000,000"
14,14,"Nov 8, 2002",8 Mile," $41,000,000"
15,15,"May 24, 2019",Rocketman," $41,000,000"
16,16,"May 11, 2001",A Knightâs Tale," $41,000,000"
17,17,"Aug 22, 2003",The Medallion," $41,000,000"
18,18,"Oct 14, 2011",The Big Year," $41,000,000"
19,19,"Aug 6, 1999",The Sixth Sense," $40,000,000"
20,20,"Jul 15, 2005",Wedding Crashers," $40,000,000"
21,21,"Jun 11, 2010",The Karate Kid," $40,000,000"
22,22,"May 15, 2019",John Wick: Chapter 3 â Parabellum," $40,000,000"
23,23,"Feb 11, 2015",Fifty Shades of Grey," $40,000,000"
24,24,"Nov 27, 2019",Knives Out," $40,000,000"
25,25,"Jun 19, 2009",The Proposal," $40,000,000"
26,26,"Dec 12, 2013",American Hustle," $40,000,000"
27,27,"Dec 25, 2003",Cheaper by the Dozen," $40,000,000"
28,28,"Jul 25, 2014",Lucy," $40,000,000"
29,29,"Dec 25, 2013",Lone Survivor," $40,000,000"
30,30,"Nov 22, 1989",Back to the Future Part II," $40,000,000"
31,31,"Sep 24, 1999",Double Jeopardy," $40,000,000"
32,32,"Jul 25, 2003",Spy Kids 3-D: Game Over," $40,000,000"
33,33,"Jul 24, 1996",A Time to Kill," $40,000,000"
34,34,"Jul 1, 1992",A League of Their Own," $40,000,000"
35,35,"Jun 9, 2016",The Conjuring 2: The Enfield Poltergeist," $40,000,000"
36,36,"Oct 1, 2010",The Social Network," $40,000,000"
37,37,"Aug 7, 2009",Julie & Julia," $40,000,000"
38,38,"Feb 6, 2009",He's Just Not That Into You," $40,000,000"
39,39,"Feb 9, 2017",John Wick: Chapter Two," $40,000,000"
40,40,"Jan 14, 2016",Ride Along 2," $40,000,000"
41,41,"Apr 14, 2006",Scary Movie 4," $40,000,000"
42,42,"Mar 26, 2015",Get Hard," $40,000,000"
43,43,"Feb 4, 2000",Scream 3," $40,000,000"
44,44,"May 24, 1990",Back to the Future Part III," $40,000,000"
45,45,"Oct 11, 2016",The Accountant," $40,000,000"
46,46,"Nov 13, 2014",Dumb and Dumber To," $40,000,000"
47,47,"Apr 23, 2014",The Other Woman," $40,000,000"
48,48,"Nov 13, 1992",Bram Stoker's Dracula," $40,000,000"
49,49,"Feb 17, 2006",Eight Below," $40,000,000"
50,50,"Dec 24, 1999",The Talented Mr. Ripley," $40,000,000"
51,51,"Sep 24, 2015",The Intern," $40,000,000"
52,52,"Sep 25, 1992",The Last of the Mohicans," $40,000,000"
53,53,"Oct 29, 2004",Ray," $40,000,000"
54,54,"Apr 1, 2005",Sin City," $40,000,000"
55,55,"Oct 14, 2015",Bridge of Spies," $40,000,000"
56,56,"Feb 22, 2008",Vantage Point," $40,000,000"
57,57,"Mar 20, 2009","I Love You, Man"," $40,000,000"
58,58,"Nov 9, 2001",Shallow Hal," $40,000,000"
59,59,"Dec 20, 1991",JFK," $40,000,000"
60,60,"Jan 27, 2006",Big Momma's House 2," $40,000,000"
61,61,"Aug 22, 2019",Angel Has Fallen," $40,000,000"
62,62,"Sep 19, 2018",The House with a Clock in its Walls," $40,000,000"
63,63,"Nov 3, 2016",Hacksaw Ridge," $40,000,000"
64,64,"Mar 2, 2001",The Mexican," $40,000,000"
65,65,"Aug 28, 2009",The Final Destination," $40,000,000"
66,66,"Apr 17, 2009",17 Again," $40,000,000"
67,67,"Feb 18, 2011",Unknown," $40,000,000"
68,68,"Jun 4, 2010",Get Him to the Greek," $40,000,000"
69,69,"Nov 21, 2003",Gothika," $40,000,000"
70,70,"Nov 30, 2001",Behind Enemy Lines," $40,000,000"
71,71,"Mar 18, 2011",The Lincoln Lawyer," $40,000,000"
72,72,"Oct 15, 2004",Shall We Dance?," $40,000,000"
73,73,"Aug 25, 2006",Invincible," $40,000,000"
74,74,"Feb 15, 2013",Escape From Planet Earth," $40,000,000"
75,75,"Jul 10, 1998",Small Soldiers," $40,000,000"
76,76,"Jul 31, 1997",Spawn," $40,000,000"
77,77,"Nov 26, 2014",Horrible Bosses 2," $40,000,000"
78,78,"Jan 25, 2002",The Count of Monte Cristo," $40,000,000"
79,79,"Oct 20, 2006",The Prestige," $40,000,000"
80,80,"Jun 16, 2006",The Lake House," $40,000,000"
81,81,"Jul 9, 2010",Predators," $40,000,000"
82,82,"Aug 15, 2012",The Odd Life of Timothy Green," $40,000,000"
83,83,"Jul 31, 1987",The Living Daylights," $40,000,000"
84,84,"Dec 8, 2006",Apocalypto," $40,000,000"
85,85,"Feb 14, 2007",Music and Lyrics," $40,000,000"
86,86,"Jun 18, 1986",Legal Eagles," $40,000,000"
87,87,"Mar 12, 2004",Secret Window," $40,000,000"
88,88,"Aug 12, 2005",The Skeleton Key," $40,000,000"
89,89,"Jun 18, 2014",Jersey Boys," $40,000,000"
90,90,"May 2, 2008",Made of Honor," $40,000,000"
91,91,"Nov 21, 1997",The Rainmaker," $40,000,000"
92,92,"Feb 7, 1992",Medicine Man," $40,000,000"
93,93,"Dec 12, 1997",Amistad," $40,000,000"
94,94,"May 28, 2014",A Million Ways to Die in The West," $40,000,000"
95,95,"Aug 12, 2011",Final Destination 5," $40,000,000"
96,96,"Nov 9, 2018",Widows," $40,000,000"
97,97,"Apr 8, 2005",Fever Pitch," $40,000,000"
98,98,"Dec 25, 2007",Aliens vs. Predator - Requiem," $40,000,000"
99,99,"Dec 25, 2007",The Water Horse: Legend of the Deep," $40,000,000"
